x,f1,f2,f3,f4,f5,f6,f7,f8
0,0.999999881,6.46E-06,0.415248429,0.502059684,0.4197832,0.507124617,0.504783796,0.7375741
1,0.999967456,2.14E-05,0.415771727,0.500038332,0.420383799,0.503397041,0.498738003,0.735548449
2,0.999999881,7.07E-06,0.415829929,0.504083238,0.419481174,0.507571586,0.505682592,0.735554218
3,0.999983311,7.66E-06,0.418862487,0.505231199,0.414219,0.507308861,0.503837302,0.742428827
4,0.999999523,3.73E-06,0.415969738,0.506308618,0.416063248,0.509927087,0.509111101,0.73852334
5,0.999934435,6.29E-06,0.417194913,0.509378182,0.418899243,0.512456369,0.508735775,0.742777777
6,0.999999404,2.34E-06,0.414801694,0.511866677,0.417457853,0.515618304,0.514853514,0.745287132
7,0.999930143,5.48E-06,0.417109539,0.513328013,0.414522774,0.515805999,0.513000014,0.75259428
8,0.999999404,1.37E-06,0.416368621,0.518613468,0.417025337,0.523407184,0.520977085,0.746133566
9,0.999972343,2.1E-06,0.420449095,0.524920449,0.417614408,0.527441381,0.524665444,0.744971228
10,0.999999404,5.03E-08,0.422218337,0.528240383,0.418759535,0.530490283,0.528819175,0.74609971
11,0.999971628,1.81E-08,0.428433247,0.531062158,0.417520656,0.533307482,0.530870338,0.753327799
12,1,3.61E-09,0.427266736,0.539475573,0.417580361,0.545774872,0.543024349,0.743343973
13,0.770974338,9.39E-07,0.427236005,0.541645594,0.417444258,0.539936151,0.538386717,0.734399605
14,3.87E-08,4.14E-07,0.425528241,0.539748743,0.419759431,0.54058679,0.541960207,0.733261776
15,2.15E-25,3.12E-07,0.423815451,0.536403066,0.413741004,0.533747694,0.536140255,0.737451553
16,3.23E-21,2.64E-06,0.420863826,0.528274907,0.408450961,0.532747224,0.532406817,0.744157124
17,6.3E-25,7.33E-06,0.419285746,0.52941939,0.399842759,0.52781372,0.530421755,0.737530375
18,2.47E-15,4.64E-07,0.415924634,0.525557946,0.38490504,0.52362138,0.526682966,0.739494324
19,1.48E-12,5.5E-08,0.415946708,0.522464118,0.398913018,0.520903684,0.522286014,0.735429764
20,1.38E-09,1.28E-07,0.415518277,0.517841195,0.404960328,0.520826002,0.519248613,0.741251326
21,5.84E-10,4.12E-07,0.416503833,0.518103225,0.408887743,0.517823888,0.518118066,0.740600014
22,3E-08,6.14E-07,0.411598306,0.517092368,0.402384357,0.520465947,0.519348962,0.728017569
23,5.21E-12,4.5E-06,0.408881073,0.51749487,0.405230418,0.515942705,0.516842858,0.708936548
24,1.16E-11,1.06E-05,0.410781003,0.515685509,0.410338492,0.518651839,0.515862962,0.717000771
25,3.95E-18,4.82E-05,0.411208137,0.515686831,0.405732853,0.513479156,0.514983208,0.712568331
26,1.08E-14,3.82E-05,0.412361111,0.51585698,0.403376376,0.516792891,0.51625963,0.715683222
27,1.26E-18,1.56E-05,0.412960169,0.516964249,0.393140707,0.514015021,0.516554495,0.708966208
28,2.38E-16,7.23E-05,0.410249137,0.51093187,0.392691906,0.513220376,0.511852646,0.715038729
29,1.21E-21,0.000662837,0.406014977,0.511693553,0.397095564,0.509599907,0.51148847,0.705989218
30,1.01E-06,0.012748646,0.411149464,0.504497368,0.404232582,0.50756459,0.505471638,0.72477808
31,0.994494498,0.003551613,0.412820442,0.500851439,0.398981914,0.501411611,0.499303389,0.7286129
32,1,0.004561721,0.411108568,0.506280923,0.398859727,0.508541786,0.507621729,0.716222858
33,0.999999166,0.017312211,0.407755482,0.506208114,0.395070703,0.50580417,0.503764029,0.713151979
34,0.999999881,0.022133284,0.405681284,0.51076438,0.398977008,0.511555673,0.511256223,0.681587887
35,0.999841452,0.008245369,0.403317434,0.510693114,0.396565053,0.510295033,0.50929493,0.665484524
36,0.999998331,0.0011887,0.406461225,0.517959684,0.405723358,0.517638525,0.518010337,0.679160452
37,0.999898076,0.00025894,0.410950302,0.52392141,0.401568571,0.524175999,0.523294791,0.703183842
38,0.999998212,1.78E-05,0.413290928,0.53055053,0.406454402,0.53149152,0.530782273,0.702094603
39,0.999908686,7.27E-06,0.418629725,0.535187646,0.401109257,0.53520424,0.534841214,0.711047316
40,0.999862313,2.15E-06,0.414082785,0.541834485,0.398324948,0.544867435,0.544635428,0.69495163
41,0.000578322,5.89E-05,0.412586764,0.546582883,0.400138447,0.54480734,0.545548121,0.684358788
42,1.15E-06,4.38E-06,0.414051147,0.543471619,0.403799401,0.540994256,0.541765643,0.688619995
43,1.44E-14,4.77E-07,0.415784583,0.539319664,0.4069452,0.537219989,0.538772762,0.695872974
44,5.27E-13,3.93E-06,0.414773858,0.534331675,0.405675653,0.537784064,0.536100208,0.694809341
45,3.68E-15,5.74E-06,0.415026748,0.5356639,0.399714647,0.533967865,0.535475591,0.678924942
46,6.62E-11,1.39E-06,0.414432942,0.530200161,0.390441684,0.528620793,0.529307501,0.683396959
47,1.69E-11,5.19E-07,0.414835133,0.52318012,0.393248937,0.520441363,0.521996884,0.67804141
48,5.11E-11,1.5E-06,0.414107639,0.518907976,0.395454512,0.520349432,0.519139958,0.684552622
49,5.62E-13,2.98E-06,0.413910601,0.521080201,0.395351433,0.519431117,0.520643658,0.68242774
50,2.27E-10,7.97E-07,0.413274699,0.52002563,0.3906283,0.519116045,0.519837289,0.701539135
51,3.76E-12,9.55E-07,0.414025661,0.519503113,0.390736312,0.517343101,0.518918781,0.711442804
52,1.19E-12,1.07E-06,0.412822558,0.517040708,0.39379697,0.518522768,0.516989947,0.718230772
53,1.07E-18,1.01E-05,0.411492682,0.516917199,0.397329147,0.514586333,0.516645722,0.714711618
54,2.09E-16,3.26E-05,0.409546165,0.515833675,0.396765113,0.518739616,0.517785167,0.721994591
55,3.13E-21,0.000185411,0.407715381,0.517678205,0.39385658,0.515123476,0.517834894,0.71388545
56,1.95E-06,0.001240957,0.410813785,0.511350879,0.398218127,0.513110874,0.51246573,0.719259548
57,0.999913454,0.00013334,0.4123493,0.509186176,0.399474392,0.509339674,0.50789185,0.715754414
58,1,0.000188616,0.412182036,0.509653068,0.400827072,0.511580704,0.509394592,0.708352375
59,0.999988794,0.001361966,0.410337479,0.507172126,0.393984066,0.506654868,0.50520083,0.709490681
60,0.999999881,0.000315489,0.411311151,0.5143116,0.403968359,0.514377791,0.515028814,0.712005758
61,0.999959588,0.000108758,0.413207312,0.520261948,0.402189755,0.5208172,0.519545922,0.727855062
62,0.999998808,1.03E-05,0.413631155,0.523999002,0.408349236,0.524628911,0.524865822,0.733543634
63,0.999891639,4.85E-06,0.417392908,0.527780147,0.409047574,0.529275984,0.527922615,0.746589947
64,1,1.04E-06,0.417860078,0.536563616,0.411934159,0.540584793,0.53844114,0.739413738
65,0.996351123,3.8E-05,0.417871119,0.537810696,0.410989451,0.535997447,0.535052055,0.735109138
66,0.000194941,6.35E-06,0.418339927,0.536352271,0.41759044,0.534524672,0.536189487,0.732947493
67,4.26E-18,3.6E-07,0.41777596,0.533776475,0.416190073,0.532119316,0.533409316,0.740820599
68,1.21E-15,5.43E-06,0.416753035,0.526379629,0.417045781,0.531839036,0.529731884,0.744205141
69,1.52E-20,1.89E-05,0.416059068,0.525518607,0.411600392,0.524427766,0.525858944,0.735810041
70,5.35E-14,2.54E-06,0.414547718,0.522791183,0.405449224,0.522731019,0.524495656,0.738152599
71,1.43E-15,4.6E-07,0.415451806,0.519485301,0.408775985,0.51780162,0.519228102,0.733781052
72,3.4E-15,1.46E-06,0.414521892,0.511579753,0.406483919,0.513986635,0.511625831,0.742340708
73,2.28E-21,1.04E-05,0.412464238,0.510389542,0.400454203,0.508847785,0.510570633,0.74186902
74,3.46E-11,0.000358705,0.412774683,0.502257119,0.402664607,0.507584765,0.504355756,0.748370028
75,2.06E-06,0.000793686,0.412359473,0.502205522,0.399205136,0.503333097,0.502191672,0.744229603
76,0.999937892,0.000551594,0.411844679,0.504637793,0.399675214,0.50740667,0.505655803,0.739421368
77,0.999998331,0.001416543,0.411354163,0.503238078,0.405206223,0.504161639,0.501203533,0.735430098
78,1,0.001800205,0.409151294,0.509043957,0.406116495,0.5115216,0.510358147,0.712341404
79,0.999930978,0.001320188,0.407850925,0.510052941,0.400537432,0.510243325,0.508721781,0.699831343
80,1,0.000913132,0.410611154,0.517352399,0.411642602,0.520023929,0.518846323,0.710363674
81,0.999999404,0.001097421,0.413431741,0.525165075,0.408906887,0.52620023,0.523877428,0.727437496
82,1,7.36E-05,0.414275446,0.534824546,0.411463773,0.535299062,0.536157603,0.723167181
83,0.999720156,1.03E-05,0.417590676,0.538714724,0.405914241,0.538542272,0.53778154,0.732237959
84,1.27E-08,1.11E-06,0.416507529,0.536768636,0.409993156,0.53876372,0.535518513,0.729237223
85,1.29E-28,6.42E-05,0.416126585,0.531184597,0.407018164,0.528645553,0.531846096,0.720950031
86,2.8E-18,1.48E-06,0.416594493,0.528180619,0.400823661,0.524992912,0.529185491,0.738030863
87,5.64E-18,3.22E-08,0.418586186,0.526811604,0.410076512,0.524647265,0.526334092,0.745115137
88,9.44E-15,1.94E-07,0.420585418,0.51833767,0.414525324,0.522633513,0.519226952,0.748129272
89,2.04E-16,2.86E-07,0.422245566,0.51722889,0.409764244,0.51645774,0.517366423,0.742041636
90,1.64E-12,2.29E-08,0.419960362,0.514455675,0.400311854,0.514721201,0.515519424,0.74408083
91,1.45E-14,2.79E-08,0.420800938,0.512799013,0.400966137,0.511334289,0.512927045,0.74255929
92,5.22E-16,2.69E-08,0.420345619,0.506384023,0.402168102,0.510310672,0.505655132,0.752453709
93,1.59E-24,3.22E-06,0.419706175,0.508613808,0.401049108,0.507444066,0.509153145,0.752273226
94,1.21E-07,5.88E-05,0.422215297,0.497424094,0.403948287,0.504003017,0.498210828,0.749413109
95,0.97223109,0.000231709,0.422616564,0.492303076,0.407577767,0.493579553,0.48995509,0.733890343
96,1,6.32E-05,0.422091815,0.496853379,0.406369973,0.498372741,0.497787069,0.728594589
97,1,0.000181342,0.420432842,0.495987337,0.405580266,0.496342136,0.492295336,0.734617662
98,1,0.00016918,0.420204238,0.502450022,0.410537086,0.50406482,0.503775594,0.724472713
99,0.999999523,0.000117598,0.418745652,0.504764433,0.404192415,0.505126647,0.502070301,0.731419468
100,1,5.46E-06,0.42110262,0.511188629,0.4126195,0.510696908,0.510659146,0.728048134
101,0.99998641,4.27E-07,0.424748786,0.51613956,0.412493368,0.517600267,0.514864393,0.740574121
102,0.999998331,2.45E-08,0.423516218,0.515958632,0.414687139,0.517868695,0.517367733,0.738835478
103,0.999863625,2.37E-08,0.426695279,0.518328433,0.418844612,0.521000119,0.517875133,0.746474028
104,0.999999166,1.7E-08,0.422188766,0.518389566,0.417077527,0.524983327,0.523454851,0.742807627
105,0.999975085,5.1E-07,0.423286868,0.521832253,0.418851234,0.524468004,0.521272221,0.743094826
106,0.999997973,2.13E-07,0.418487347,0.519024168,0.416297967,0.523319135,0.522746546,0.738889122
107,0.999816716,1.13E-06,0.419544245,0.517578001,0.418659187,0.520431379,0.517385193,0.740346241
108,0.999997735,4.79E-07,0.415623812,0.520593183,0.418026412,0.525753564,0.525490279,0.745013762
109,0.9999336,2.55E-06,0.418495161,0.525745389,0.418164675,0.528655169,0.526002136,0.752768564
110,0.999999166,5.06E-07,0.416227491,0.523508711,0.418747068,0.526906187,0.526228728,0.759238148
111,0.999960661,1.06E-06,0.419639007,0.523584195,0.420838108,0.527473058,0.524117358,0.767544746
112,0.999999881,1.4E-06,0.415218557,0.529872498,0.419601666,0.537659498,0.53545286,0.761890507
113,0.999994159,1.43E-05,0.417733329,0.535703979,0.417053885,0.538276033,0.535989252,0.757798338
114,1,1.03E-06,0.418260988,0.535479023,0.41858274,0.537735838,0.536588423,0.761001921
115,0.999992728,4.75E-07,0.423291432,0.534716962,0.418695019,0.537676127,0.535104354,0.767716074
116,0.99750334,1.03E-07,0.420655602,0.540703298,0.41852867,0.547527481,0.543589671,0.759017754
117,4.43E-13,5.33E-05,0.42043298,0.538689484,0.416712173,0.537219398,0.537615474,0.745488358
118,1.31E-11,4.2E-06,0.419172048,0.536263648,0.414762558,0.534916803,0.537550188,0.743402338
119,8.2E-21,1.93E-07,0.418435029,0.532874682,0.415387071,0.530726028,0.532364614,0.742845917
120,4.45E-17,1.41E-06,0.42099792,0.524823958,0.419789211,0.530317268,0.526996903,0.746159458
121,7.1E-21,1.81E-06,0.423147984,0.52292396,0.415891069,0.521814476,0.523005533,0.736033821
122,1.17E-11,7.69E-08,0.420409172,0.519165726,0.405150654,0.517933869,0.521389007,0.731359863
123,2.12E-10,6.71E-09,0.420727974,0.515212685,0.411377944,0.513411442,0.51399598,0.725121021
124,4.83E-11,4.09E-08,0.421740045,0.506932803,0.415890435,0.512390908,0.5075828,0.730057049
125,2.4E-16,9.76E-07,0.422221636,0.508188238,0.410988255,0.507427964,0.507720241,0.726109982
126,2.26E-15,3.62E-08,0.423611474,0.505770978,0.409017295,0.507237601,0.504354542,0.731763363
127,1.61E-24,3.06E-07,0.425441342,0.503326779,0.408884341,0.500761995,0.502309896,0.726489019
128,2.51E-10,4.61E-07,0.425525315,0.497602174,0.40927707,0.500828287,0.501124398,0.731655502
129,2.49E-05,4.21E-07,0.4254705,0.498759829,0.414363555,0.49829843,0.496166693,0.729656887
130,0.999998569,2.32E-05,0.424184074,0.496391098,0.415932305,0.504096529,0.501103312,0.719631433
131,1,0.000379887,0.420749326,0.500252069,0.4118134,0.500981494,0.496284103,0.713538837
132,1,0.000252296,0.420816389,0.502998408,0.415203155,0.503756074,0.504174626,0.709296751
133,0.999999762,8.32E-05,0.420029103,0.50204036,0.411380101,0.503075228,0.499036558,0.724521685
134,1,3.29E-05,0.41891328,0.506360309,0.41501575,0.507668964,0.508903646,0.728718805
135,0.999996901,1.59E-05,0.419351738,0.509466364,0.413362422,0.511355614,0.50791792,0.745466185
136,0.999999881,4.64E-06,0.417129942,0.513096164,0.415905805,0.516116279,0.515987097,0.742211008
137,0.999966383,3.41E-06,0.419101264,0.517320487,0.417410492,0.520030367,0.516888975,0.748167992
138,0.999999404,8.62E-07,0.41670015,0.516486279,0.418153948,0.519943484,0.519248166,0.75139513
139,0.999952197,1.51E-06,0.419413435,0.517649394,0.420165609,0.521224698,0.517677869,0.759014463
140,0.999999642,1.89E-06,0.413711949,0.524548679,0.420179716,0.532141313,0.53150053,0.7570786
141,0.999981642,1.24E-05,0.416255466,0.533640079,0.420463812,0.537029514,0.534256005,0.758226109
142,0.999999762,1.28E-06,0.415324862,0.531283606,0.421086617,0.53403379,0.533423469,0.765835953
143,0.999982119,7.59E-07,0.42046042,0.529904819,0.422152338,0.534184489,0.530800595,0.774246073
144,1,1.82E-06,0.415255919,0.538972127,0.421082245,0.548129846,0.545764425,0.767551804
145,0.999998927,2.82E-05,0.418150898,0.547055487,0.417785491,0.549479525,0.547534637,0.760927534
146,1,2.09E-06,0.419388314,0.545269383,0.420726399,0.547931288,0.546310802,0.762815857
147,0.999999285,6.27E-07,0.4250868,0.543984962,0.422400217,0.547358284,0.544323854,0.76800766
148,0.000232438,1.43E-08,0.424844091,0.549219938,0.423062768,0.555773969,0.550494004,0.763717508
149,2.42E-28,1.5E-05,0.427713106,0.54511552,0.419709783,0.543216597,0.545166181,0.75209918
150,2.24E-20,1.95E-07,0.427080585,0.540789482,0.412736274,0.539731412,0.542284544,0.747948837
151,1.05E-26,5.58E-09,0.427830216,0.5363239,0.416047071,0.533205088,0.535451486,0.737199497
152,8.85E-20,6.37E-08,0.429013029,0.525194642,0.418094596,0.531650015,0.528959602,0.73946352
153,1.95E-18,5.76E-08,0.431399528,0.524397003,0.411748146,0.523596333,0.524774882,0.725342131
154,6.2E-09,5.46E-11,0.427531826,0.523419364,0.390927789,0.520089455,0.525231899,0.713785028
155,3.55E-07,1.46E-11,0.4284373,0.519433357,0.410046329,0.516773515,0.517478513,0.705846643
156,2.18E-05,3.79E-11,0.429889921,0.512067086,0.414912744,0.516117636,0.512545632,0.709780169
157,6.8E-07,7.11E-10,0.430631884,0.515091095,0.411678104,0.513463932,0.512698472,0.712959003
158,5.3E-11,8.69E-11,0.43272527,0.510375868,0.417880207,0.514580486,0.50939595,0.717309237
159,3.03E-23,6.28E-09,0.434624373,0.508983123,0.416363502,0.506485527,0.507241515,0.713070822
160,1.19E-17,5.12E-09,0.432104689,0.503542452,0.412776033,0.509746213,0.508812977,0.718606329
161,1.82E-25,7.01E-07,0.43006953,0.506591182,0.4155074,0.50387786,0.504325149,0.707936811
162,0.000280978,4.17E-05,0.431325315,0.496353662,0.417077708,0.503559753,0.501773599,0.711436462
163,0.999999523,3.73E-05,0.430487804,0.497664409,0.416928541,0.498652383,0.492801969,0.70614686
164,1,3.55E-05,0.430685515,0.500558631,0.415864519,0.503064765,0.502157471,0.689426994
165,1,7.41E-05,0.428633714,0.496549398,0.407656987,0.495838475,0.490619658,0.696438789
166,1,1.84E-05,0.430414386,0.502474396,0.416199531,0.502498198,0.503082353,0.685955
167,1,2.43E-06,0.430634073,0.505650318,0.413705715,0.506012488,0.501100165,0.708021307
168,1,2.79E-07,0.429687314,0.509797725,0.415036307,0.510587742,0.512072226,0.696509123
169,0.99999845,8.96E-08,0.430437099,0.511603467,0.413074801,0.512232317,0.508734704,0.711306238
170,0.999999881,2.8E-08,0.4260089,0.51508403,0.411212787,0.518347533,0.520585641,0.710584259
171,0.999960661,1.72E-07,0.4258248,0.519932444,0.411607124,0.520972947,0.518716789,0.724990034
172,1,4.03E-07,0.425468077,0.522676973,0.417274584,0.530359711,0.52654455,0.718922424
173,1,2.24E-05,0.426542833,0.53001363,0.418594635,0.531514603,0.527456716,0.717692184
174,1,2.75E-06,0.42325557,0.534335042,0.417992206,0.536455359,0.538276752,0.702124119
175,0.988488257,2.01E-06,0.423295128,0.532907459,0.419295043,0.532952171,0.530652611,0.704088068
176,1.55E-10,1.76E-07,0.425150337,0.532659293,0.42225843,0.536653277,0.5325602,0.709774113
177,2.61E-32,6.33E-06,0.427838493,0.529668045,0.415370681,0.526940483,0.529642349,0.705717945
178,6.29E-19,3.65E-08,0.426318931,0.526721926,0.403267793,0.523715675,0.529564891,0.713786888
179,1.01E-17,7.1E-10,0.427491108,0.525372219,0.414917795,0.522356811,0.523483748,0.714061594
180,3.95E-14,4.07E-09,0.427813736,0.518441635,0.419377176,0.523835177,0.522296541,0.721704197
181,1.32E-17,2.02E-08,0.428274089,0.520694898,0.419013565,0.519024082,0.519154798,0.717883062
182,3.09E-12,1.21E-08,0.425733556,0.51608074,0.416654135,0.519008395,0.520885553,0.721934509
183,1.53E-15,2.12E-08,0.425081491,0.515328892,0.418007757,0.513531199,0.513669263,0.720249176
184,2.03E-15,2.43E-07,0.42315819,0.508043329,0.419116182,0.515418804,0.512454277,0.727079964
185,3.33E-24,1.71E-05,0.421377016,0.509230361,0.415247766,0.507659827,0.508594261,0.718984604
186,1.31E-14,1.69E-05,0.419956099,0.504772616,0.410300599,0.507788769,0.508447315,0.728105354
187,4.37E-16,2.81E-05,0.418992454,0.503197291,0.408489212,0.501584355,0.501851265,0.724707174
188,0.011231203,0.000199241,0.419259571,0.500123604,0.411244429,0.504771161,0.503718184,0.719207525
189,0.977184355,0.000298742,0.417670798,0.499643478,0.412381551,0.499307798,0.496483475,0.709228182
190,1,0.001404242,0.417673635,0.497966989,0.418793283,0.500944179,0.500985951,0.715673065
191,0.999999881,0.000717921,0.416212592,0.503012492,0.419720954,0.505810592,0.500365263,0.733435488
192,1,0.000656315,0.415868742,0.50701178,0.419594958,0.509643292,0.509064664,0.729574776
193,0.999999404,0.00022725,0.416333156,0.505352489,0.413046507,0.507078611,0.503174171,0.737748098
194,1,4.02E-05,0.415951223,0.507774785,0.413894252,0.507802459,0.508298517,0.737358761
195,0.999956489,8.27E-06,0.417349621,0.506253291,0.410190943,0.508004259,0.505258577,0.748469448
196,0.999999523,6.99E-06,0.414728074,0.503450524,0.410571491,0.506437813,0.50423357,0.740745687
197,0.999911189,3.15E-05,0.413856305,0.500840519,0.413366263,0.503029558,0.499771333,0.739556074
198,0.999999762,1.4E-05,0.414206203,0.498935564,0.417387937,0.501626973,0.499085327,0.740824795
199,0.999983072,1.88E-05,0.416253788,0.499462424,0.420156889,0.502985726,0.49822963,0.748094749
200,0.999999762,3.64E-05,0.41175517,0.499951849,0.417809794,0.504994941,0.503213516,0.738954353
201,0.999924541,0.000129139,0.410921865,0.498558712,0.41603528,0.501218054,0.497451869,0.735547304
202,0.999999642,0.000110719,0.409717839,0.50647049,0.413516182,0.510688809,0.508385065,0.722098398
203,0.999909759,0.000200508,0.411272265,0.50924059,0.402151042,0.509701597,0.508037949,0.715108347
204,0.999999046,8.05E-05,0.410502117,0.515133094,0.411632949,0.518022014,0.517778618,0.717151594
205,0.999960303,7.2E-05,0.413488161,0.524129545,0.415647942,0.526294636,0.523842828,0.72802515
206,0.999999523,8.17E-06,0.41443877,0.52837146,0.417660699,0.531449109,0.529949546,0.726287603
207,0.999975204,3.49E-06,0.420276968,0.532177609,0.416604274,0.534167349,0.531937835,0.731001854
208,1,2.73E-05,0.416819676,0.539081946,0.415983865,0.547378091,0.544880997,0.718297434
209,1,0.001747906,0.416978899,0.545471129,0.409139296,0.54581674,0.544069851,0.705608273
210,0.999969721,4.89E-05,0.416673521,0.553754017,0.410947318,0.553840727,0.555074977,0.702695513
211,4.6E-08,1.87E-05,0.41898866,0.555424542,0.4057017,0.553738557,0.554671265,0.712187624
212,1.9E-13,5.74E-06,0.418498655,0.546133395,0.405407643,0.546054977,0.544721528,0.712856913
213,3.97E-27,1.59E-05,0.417386131,0.535073515,0.404392952,0.532243642,0.535253951,0.702939606
214,1.73E-18,3.32E-06,0.415155458,0.531109507,0.396193393,0.529941479,0.533632761,0.717306042
215,2.93E-18,3.47E-07,0.414995368,0.529315834,0.404227699,0.526731974,0.528900802,0.718077564
216,4E-13,5.87E-06,0.414463689,0.520828289,0.408152505,0.524896301,0.523359118,0.723735619
217,4.14E-12,9.14E-06,0.414269253,0.520460028,0.407851539,0.519873023,0.520388042,0.716439533
218,2.65E-08,2.47E-06,0.412509309,0.514560931,0.40326546,0.514628264,0.51491043,0.718899393
219,6.4E-10,2.33E-06,0.412654702,0.508384839,0.408191988,0.50753114,0.507747796,0.716355371
220,6.17E-12,2.28E-06,0.413362644,0.504719886,0.41016452,0.507961577,0.504255439,0.72506485
221,5.57E-20,3.56E-05,0.414086676,0.504516456,0.40401461,0.503124939,0.504627921,0.723019505
222,1.97E-16,1.55E-05,0.413858794,0.501363555,0.402821149,0.504363982,0.5016498,0.726049519
223,1.53E-21,9.97E-05,0.414363399,0.501842469,0.405319413,0.500346286,0.50169186,0.713374186
224,7.56E-06,0.002536636,0.409738242,0.496809539,0.398188021,0.502042682,0.502151641,0.697953796
225,0.999905467,0.003414731,0.405956645,0.497073221,0.404655263,0.497374108,0.494912939,0.668460512
226,1,0.012916631,0.407105233,0.502120313,0.408793257,0.506328087,0.50250168,0.631593323
227,0.999996305,0.037154213,0.406570781,0.504893198,0.403265157,0.504256589,0.501699096,0.60141468
228,0.999999404,0.003392389,0.409592857,0.514909868,0.412949317,0.514596859,0.515865167,0.596259737
229,0.99991703,8.25E-05,0.41557922,0.524164745,0.412742303,0.524682009,0.522679678,0.620068741
230,0.999966025,1.09E-05,0.41344724,0.528476323,0.412748455,0.530974936,0.53180049,0.612612152
231,0.999399424,6.69E-06,0.418281375,0.533738615,0.413416115,0.534299726,0.533042392,0.618730783
232,0.999999881,6.73E-06,0.414699459,0.542857426,0.414501814,0.548908469,0.549106036,0.621345758
233,0.999928832,0.000288826,0.416430447,0.551943759,0.414676221,0.551113446,0.550076794,0.62399869
234,0.206386313,4.9E-06,0.415264868,0.557046193,0.416324794,0.55645678,0.558760365,0.595255995
235,5.96E-14,5.7E-07,0.417894878,0.55629211,0.418633987,0.55323432,0.554714299,0.581533623
236,3.73E-13,5.21E-05,0.416909452,0.543278952,0.416106042,0.546236011,0.546057421,0.611531544
237,3.94E-15,3.22E-05,0.415621802,0.540513369,0.400328873,0.538647317,0.540079486,0.617767954
238,2.64E-10,5.16E-07,0.415141824,0.538988004,0.389754703,0.535127069,0.538234229,0.620069742
239,5.18E-11,2.39E-08,0.417425025,0.533905114,0.402255385,0.53048474,0.531912309,0.616949129
240,1.45E-08,3.01E-06,0.413412554,0.529565968,0.405463719,0.534299726,0.535059595,0.631571484
241,4.09E-06,7.63E-06,0.411550277,0.536136205,0.401578338,0.534998654,0.535449378,0.634162188
242,0.000126072,1.03E-06,0.40841002,0.539427673,0.399088744,0.538970856,0.541317986,0.623639393
243,8.15E-08,5.67E-07,0.409002634,0.538837745,0.410023407,0.535903935,0.536965762,0.611927223
244,3.48E-08,0.000164485,0.408848429,0.528577959,0.411618258,0.532245016,0.53032845,0.627157164
245,9.89E-08,0.000120502,0.407435708,0.530326801,0.395310228,0.529456763,0.529863494,0.631083393
246,2.46E-06,5.57E-06,0.408582091,0.530487603,0.389348051,0.527787091,0.527857409,0.616477156
247,4.32E-08,7.28E-07,0.411797363,0.525224634,0.396678954,0.522330342,0.523392472,0.597358513
248,1.52E-07,7.03E-06,0.409703831,0.524299332,0.397854363,0.526488338,0.526365849,0.596674299
249,8.59E-08,9.45E-06,0.408960717,0.530110955,0.396202362,0.527995617,0.528762083,0.589567423
250,4.01E-07,3.91E-06,0.409293453,0.529009288,0.395856251,0.527921737,0.528415351,0.584562206
251,8.48E-09,1.24E-06,0.410913759,0.526386946,0.400232054,0.523254951,0.524415817,0.572684002
252,1.99E-08,2.75E-05,0.410149998,0.522322245,0.402646791,0.525198098,0.524284383,0.58725605
253,3.39E-08,3.79E-05,0.410282259,0.527658448,0.394890315,0.526058444,0.526729562,0.589091825
254,1.11E-06,2.09E-06,0.41059687,0.52805401,0.389919899,0.525333989,0.526619788,0.5928092
255,3.47E-08,4.51E-07,0.413275777,0.525790802,0.39726411,0.522867357,0.523925877,0.593769741
256,2.48E-07,3.09E-06,0.411988443,0.522124275,0.397649949,0.523796184,0.52329297,0.590890217
257,9.33E-07,3.57E-06,0.411832617,0.524875476,0.395852224,0.522774788,0.523384501,0.581486797
258,1.09E-06,1.18E-06,0.41116776,0.522932284,0.394468477,0.521927173,0.522622236,0.587847948
259,9.72E-09,1.17E-06,0.412302989,0.520425803,0.398920642,0.517525988,0.518635082,0.588084984
260,1.2E-08,5.7E-06,0.411797809,0.51623078,0.39903336,0.518124647,0.516863177,0.593378258
261,2.33E-09,1.2E-05,0.412217322,0.519188275,0.393494646,0.517076063,0.518053627,0.587541866
262,1.26E-06,1.46E-06,0.412144042,0.518701934,0.389120553,0.51691324,0.51790419,0.593673277
263,8.5E-07,9.7E-07,0.413952275,0.517297828,0.39426086,0.514349789,0.515338982,0.594902134
264,3.95E-07,1.73E-06,0.412813211,0.515403998,0.39512831,0.516438938,0.515924462,0.594949436
265,1.97E-08,3.71E-06,0.413039894,0.519702137,0.394614373,0.517491404,0.518389225,0.591985607
266,3.45E-07,7.41E-07,0.412205722,0.520336677,0.391726809,0.519181171,0.520391189,0.606447697
267,1.43E-08,7.05E-07,0.413576535,0.522315794,0.395904622,0.519635057,0.52071928,0.61681242
268,4.65E-08,1.53E-06,0.413962529,0.518820376,0.398854599,0.520503294,0.519075662,0.619712305
269,6.41E-09,3.25E-06,0.415368579,0.519706481,0.396538194,0.517524407,0.518516347,0.611564302
270,1.1E-08,3.56E-07,0.415080703,0.519350509,0.394549477,0.518369226,0.519201729,0.638405228
271,4.63E-13,1.11E-06,0.416346434,0.519763333,0.395967117,0.516795319,0.518528359,0.654978514
272,1.79E-12,6.87E-06,0.411644317,0.517850479,0.392920973,0.520796035,0.52103309,0.663955879
273,7.19E-16,6.77E-05,0.408468547,0.524264698,0.393152684,0.522188428,0.523961356,0.660076523
274,0.000248589,0.003115406,0.409153523,0.519831642,0.396445715,0.525218369,0.52267995,0.653112316
275,0.999545753,0.010638354,0.40911493,0.516812054,0.393433061,0.515604103,0.514848738,0.619995737
276,1,0.019522214,0.410176773,0.518608826,0.398054243,0.520293923,0.518924644,0.605595922
277,0.999999642,0.074176747,0.408345973,0.517484091,0.393666784,0.515806941,0.514274871,0.603285599
278,1,0.036710241,0.411962025,0.518757685,0.399425519,0.517396471,0.516267537,0.560191202
279,0.999995708,0.006625671,0.412126079,0.514096635,0.392193815,0.51182565,0.510640504,0.545850563
280,1,0.000947491,0.415196419,0.522715856,0.403855486,0.522454412,0.523395108,0.538084984
281,0.999992371,0.000152883,0.418907485,0.530381734,0.401003985,0.528961216,0.527953733,0.562255859
282,0.999999762,5.51E-06,0.420447847,0.537477903,0.410572247,0.537927479,0.540037906,0.589438105
283,0.999990702,1.1E-06,0.426206911,0.546490704,0.411919704,0.546450894,0.545352151,0.636206198
284,0.999956489,1.41E-07,0.425670984,0.547474652,0.412696143,0.551295678,0.549398425,0.630092239
285,1.23E-07,3.25E-05,0.426288549,0.544102995,0.411566042,0.541158309,0.5413807,0.618667221
286,2.78E-11,1.33E-06,0.42484294,0.537914882,0.407058969,0.534912346,0.538303236,0.636338091
287,1.72E-23,3.72E-07,0.424030655,0.531525478,0.403724562,0.527829966,0.530558349,0.656612301
288,1.46E-18,1.75E-06,0.422241156,0.520264922,0.399363182,0.523990029,0.523087879,0.665493631
289,1.39E-18,7.92E-06,0.422165274,0.518198693,0.397185244,0.516164792,0.518106405,0.644958639
290,2.29E-10,2.67E-07,0.416813993,0.516243903,0.382043255,0.51494348,0.519164717,0.646516228
291,1.21E-07,3.1E-07,0.416634043,0.515385918,0.401048764,0.513322163,0.514133772,0.639906979
292,2.04E-07,7.55E-08,0.419428464,0.509771698,0.404051044,0.510729671,0.5074625,0.643102503
293,3.12E-09,2.08E-07,0.422866446,0.509399818,0.40306775,0.50779468,0.508049913,0.638557816
294,3.39E-11,5.35E-08,0.422655012,0.508721377,0.401666314,0.512896215,0.508995656,0.646181822
295,3.07E-19,7.01E-06,0.424153846,0.512325984,0.396843472,0.509502209,0.511224084,0.633081961
296,4.73E-09,0.000119366,0.416722296,0.50728023,0.383574348,0.513058543,0.513556342,0.611377144
297,2.35E-06,0.008283305,0.410388532,0.50850111,0.391970534,0.506298151,0.506156078,0.561303616
298,0.999760211,0.053055778,0.411553973,0.509536482,0.395430426,0.512965973,0.511014472,0.533672142
299,0.999992371,0.171301754,0.40981594,0.50884904,0.392867388,0.5064235,0.504594695,0.498618364
300,1,0.08693213,0.410530659,0.509524791,0.399728015,0.508088091,0.508715216,0.436471558
301,0.999976158,0.010868746,0.410214297,0.507933604,0.406047408,0.506348438,0.503979247,0.411403465
302,0.999999046,0.001170078,0.414558686,0.510936072,0.410565307,0.510161235,0.509631727,0.385731816
303,0.999953866,0.000121921,0.419427207,0.512831711,0.408583684,0.511110141,0.508809096,0.387522173
304,0.999983549,7.92E-05,0.41649327,0.508778544,0.407763744,0.510552647,0.511021756,0.341962409
305,0.999652743,0.00016801,0.41692102,0.508141566,0.414683324,0.507039012,0.504142678,0.316986895
306,0.99998486,0.00013514,0.415255968,0.515755989,0.412881409,0.520734407,0.520320328,0.263531733
307,0.999920964,0.000372614,0.418850822,0.524662353,0.409583965,0.522230392,0.52051978,0.223334146
308,0.999966383,5.66E-05,0.418626223,0.517751518,0.408491137,0.517173473,0.518384337,0.214604831
309,0.999737203,4.52E-05,0.421467619,0.513919216,0.414415495,0.511945551,0.509300441,0.217607641
310,0.99996841,5.1E-06,0.422385787,0.518437701,0.409842748,0.519935337,0.520622046,0.206841087
311,0.999577105,9.17E-06,0.426714653,0.522242056,0.398795171,0.518243255,0.517425655,0.206566429
312,0.999898195,8.7E-07,0.424044963,0.523135384,0.402502408,0.523609432,0.527998684,0.225441647
313,0.999813616,2.23E-06,0.426569535,0.5315882,0.413639981,0.529739551,0.528065216,0.265366173
314,0.999961853,5.1E-07,0.422896561,0.536785709,0.413160929,0.541120962,0.543768484,0.268440127
315,0.999945998,2.84E-06,0.427084411,0.547663354,0.416319489,0.546375832,0.545078068,0.280710816
316,0.624689996,1.94E-06,0.419503114,0.54839901,0.406685561,0.551999638,0.554443411,0.298994255
317,3.94E-08,0.000151898,0.418761726,0.554638406,0.40734746,0.5523557,0.552620965,0.315185905
318,4.15E-07,4.55E-05,0.415545611,0.550809913,0.389820199,0.549037331,0.552010932,0.331687856
319,5.17E-11,2.79E-05,0.414733634,0.544637723,0.387802325,0.539867016,0.541544897,0.33377614
320,2.08E-11,0.000201874,0.412453189,0.543911933,0.395333893,0.545050513,0.547724153,0.376946425
321,8.83E-15,0.000177523,0.412156566,0.548719639,0.400691088,0.545254869,0.546843312,0.39327352
322,8.27E-10,3.29E-05,0.41154885,0.55235021,0.402446707,0.550997315,0.555848025,0.436697817
323,3.98E-10,8.25E-07,0.414871408,0.556094487,0.411552375,0.552666043,0.553842005,0.463945198
324,1.66E-09,0.000835005,0.41155925,0.548652322,0.412074719,0.55365177,0.553661929,0.483139324
325,1.06E-08,0.000887953,0.409725896,0.552920202,0.399093808,0.551360453,0.551993424,0.474169493
326,5.46E-08,2.52E-05,0.409636501,0.550738331,0.388702594,0.546973724,0.549228173,0.47561307
327,4.69E-12,1.59E-06,0.411989091,0.542646128,0.399462637,0.538589651,0.540154005,0.464863205
328,8.31E-11,9.3E-05,0.409511576,0.541290866,0.405240551,0.54466982,0.545915348,0.475423908
329,8.77E-12,9.22E-05,0.408368662,0.545824221,0.404263988,0.542604855,0.54395578,0.4571661
330,5.59E-13,7.08E-05,0.409638155,0.542936592,0.405915247,0.542095746,0.543662481,0.495504427
331,4.07E-20,2.66E-05,0.410604944,0.539493401,0.40452722,0.534916372,0.537464807,0.502638054
332,1.86E-16,0.008580023,0.407832905,0.532457955,0.407625436,0.537457778,0.538217296,0.542404985
333,3.2E-16,0.011467385,0.405647408,0.537102247,0.399261625,0.534938799,0.536584861,0.534897232
334,1.63E-11,0.020414994,0.404519864,0.529916605,0.395604064,0.531628993,0.531022395,0.524677753
335,2.41E-12,0.020071235,0.405294633,0.522252269,0.40201406,0.5197959,0.520855107,0.46842432
336,0.002814155,0.120443642,0.400608428,0.520426134,0.400090112,0.523596205,0.526174943,0.460840559
337,0.999476492,0.059620055,0.400487516,0.523168208,0.407614546,0.522490114,0.521322731,0.434527111
338,0.999979854,0.046692628,0.399754883,0.524015524,0.40758569,0.524964733,0.526120855,0.450329161
339,0.999688745,0.033560502,0.402453269,0.524305831,0.40461559,0.523417679,0.522487862,0.470076036
340,0.999983668,0.026498518,0.40113509,0.526656592,0.407640742,0.528383259,0.529430677,0.47344451
341,0.999781668,0.01848924,0.404139771,0.530064299,0.408575616,0.529632365,0.528561865,0.483892012
342,0.999980092,0.003999492,0.403622796,0.53451254,0.40512819,0.534324853,0.53625931,0.5058671
343,0.997725785,0.001337053,0.407093973,0.537466542,0.397528782,0.536076471,0.535998661,0.540137672
344,0.848364234,0.000986832,0.402956115,0.541878796,0.399418067,0.543239552,0.54457971,0.526770067
345,2.56E-05,0.001431409,0.403022886,0.546991254,0.405474714,0.545256658,0.545786965,0.519624472
346,2.2E-06,3.83E-05,0.408635341,0.546735298,0.408638782,0.543354773,0.544701752,0.547285843
347,3.45E-12,8.59E-07,0.414612803,0.542292533,0.409135423,0.538997421,0.540467224,0.568313885
348,8.68E-11,6.13E-05,0.412655788,0.53651567,0.408024013,0.540157759,0.539992923,0.580777597
349,1.11E-10,4.67E-05,0.411776619,0.541607813,0.396831427,0.539812864,0.540782744,0.575660896
350,1.09E-08,4.26E-06,0.411452597,0.538579366,0.389301327,0.535650666,0.537469647,0.584833908
351,3.2E-10,5.24E-07,0.413295451,0.532808655,0.397533561,0.52973027,0.53099821,0.584850931
352,2.14E-08,5.95E-06,0.412700543,0.52846268,0.398538585,0.530311486,0.529871241,0.585377121
353,2.43E-06,2.86E-06,0.413449299,0.530986124,0.395270274,0.529083449,0.5296554,0.575244713
354,1.88E-06,2.08E-07,0.41367839,0.531282693,0.393407227,0.529278955,0.530324153,0.57892437
355,2.52E-09,1.02E-07,0.416131416,0.529304111,0.400926251,0.525978686,0.52719471,0.579750156
356,1.52E-08,1.45E-06,0.414823727,0.524592424,0.400222324,0.526766717,0.526408755,0.58747139
357,1.61E-07,1.61E-06,0.414638759,0.529325433,0.39328451,0.52732156,0.528038619,0.587986612
358,2.96E-07,2.35E-07,0.41330196,0.529476605,0.390432669,0.527931609,0.529524812,0.602755356
359,1.26E-09,2.04E-07,0.414603067,0.529072986,0.398572528,0.526178793,0.527366239,0.612546635
360,8.31E-09,3.71E-07,0.415862443,0.523101945,0.400032288,0.523003073,0.522209083,0.621979904
361,2.6E-09,2.17E-07,0.416957555,0.521880892,0.398690375,0.519440717,0.520137808,0.623992777
362,2.94E-08,1.16E-07,0.417068164,0.519984938,0.398131574,0.519630537,0.520383761,0.647182512
363,4.06E-10,1.78E-07,0.418144907,0.51886132,0.394815603,0.515913185,0.517346088,0.6619627
364,1.54E-09,3.13E-07,0.417329007,0.511164679,0.395606909,0.511952883,0.510796059,0.670874548
365,3.66E-11,1.19E-06,0.416754559,0.51066907,0.396629138,0.509056486,0.509828575,0.673179483
366,1.66E-07,1.56E-07,0.415305975,0.509439095,0.390398178,0.508054402,0.509588373,0.686854649
367,1.8E-07,2.38E-07,0.415995759,0.507515855,0.393093985,0.505369341,0.506411423,0.696706486
368,1.44E-06,2.58E-08,0.419203792,0.504209501,0.402177402,0.503910192,0.501062594,0.701584482
369,1.71E-12,2.9E-07,0.420063279,0.500024312,0.408266293,0.497037167,0.497584869,0.701603317
370,7.98E-09,3.91E-07,0.418747443,0.497393457,0.412180122,0.499208503,0.500361813,0.702330256
371,6.4E-11,4.42E-07,0.417652899,0.500785507,0.414177949,0.499294747,0.499180117,0.703352308
372,1.88E-11,1.6E-06,0.416466601,0.494419518,0.412496417,0.497989779,0.49532066,0.712595606
373,2.28E-18,3.15E-05,0.414319203,0.495451382,0.403579694,0.493894433,0.494672976,0.713478184
374,4.11E-10,1.47E-05,0.417616235,0.48968599,0.404614412,0.490473416,0.488580188,0.725928926
375,3.16E-08,1.03E-05,0.420054962,0.485729156,0.400490076,0.485243146,0.484673177,0.72887907
376,0.999621391,5.11E-06,0.419763738,0.491490646,0.401985105,0.494185848,0.494146248,0.737460279
377,0.999998689,3.13E-05,0.419344872,0.500688922,0.402521723,0.501263021,0.498348604,0.748786116
378,1,3.71E-05,0.418154797,0.506664211,0.409786513,0.509956687,0.50892684,0.742684555
379,0.999998808,8.92E-05,0.417155979,0.512124977,0.408887748,0.513478676,0.510530794,0.747077894
380,1,0.000113862,0.416629739,0.517992651,0.411413758,0.521726539,0.520014473,0.739068937
381,0.999999523,0.000277557,0.416380561,0.520133262,0.403595349,0.520707746,0.518550292,0.739801216
382,1,5.22E-05,0.415764934,0.526740085,0.407156472,0.527607288,0.528388882,0.736479139
383,0.999982715,1.76E-05,0.417465313,0.529505338,0.400978835,0.530035039,0.529160923,0.744805384
384,0.75608021,1.31E-06,0.415711043,0.53388,0.401692253,0.535514983,0.533451967,0.738287878
385,4.61E-14,5.5E-05,0.414245445,0.532922912,0.401032832,0.530675518,0.532249153,0.733963299
386,3.87E-11,2.71E-06,0.416007934,0.532008373,0.403999833,0.529043003,0.531372833,0.739613533
387,1.41E-14,4.06E-08,0.41855047,0.531640914,0.407374635,0.530188677,0.531724246,0.745994043
388,1.37E-12,2.55E-07,0.417414933,0.523133558,0.40896974,0.527447755,0.524773556,0.74977622
389,2.23E-15,2.02E-06,0.41706634,0.521324134,0.407285689,0.520879212,0.521831105,0.745231485
390,4.49E-10,1.21E-07,0.415594306,0.520550398,0.398977502,0.520063034,0.520607701,0.737627125
391,1.4E-10,3.09E-08,0.417057513,0.517712903,0.405088544,0.516038293,0.517083204,0.726860952
392,5.43E-10,7.33E-08,0.416833238,0.511306111,0.408084564,0.513833827,0.511739758,0.737383223
393,3.89E-14,7.56E-07,0.416128693,0.510852956,0.406207918,0.509738242,0.510467952,0.741327477
394,3.27E-12,7.52E-07,0.415514702,0.510447685,0.402582801,0.513093366,0.510962716,0.73860836
395,8.82E-16,1.98E-06,0.415791246,0.511788896,0.393707807,0.509825348,0.511773798,0.729717731
396,1.98E-17,2.15E-06,0.413916121,0.507286461,0.397207957,0.510481866,0.507745001,0.745137501
397,1.63E-27,0.000215064,0.411742557,0.508876389,0.400062489,0.507293271,0.509802314,0.746557617
398,6.94E-08,0.003382137,0.415859558,0.499729222,0.403409123,0.503948737,0.500986207,0.755690098
399,0.998878896,0.001954605,0.416450429,0.496019642,0.403161248,0.497363964,0.494214346,0.754643774
400,1,0.001160278,0.416909728,0.501811706,0.403705794,0.503324903,0.501573253,0.746075487
401,0.999999881,0.002011701,0.414517992,0.499806468,0.397145072,0.499813424,0.496830127,0.746297789
402,1,0.001880235,0.413974656,0.504791924,0.402649423,0.505395283,0.504395962,0.72590847
403,0.999989986,0.000671152,0.411568175,0.504150775,0.398085536,0.50413124,0.502172295,0.719936228
404,1,0.000197232,0.414260117,0.512997502,0.408364085,0.514232507,0.513440067,0.721201801
405,0.999997258,0.000100115,0.416698277,0.520014694,0.403017613,0.520494397,0.518660864,0.734240103
406,1,8.48E-06,0.418598434,0.527972137,0.411053622,0.529097522,0.529184197,0.738084316
407,0.999996543,2.58E-06,0.422651542,0.534353784,0.407271692,0.535328326,0.533900087,0.751208401
408,0.999952197,3.17E-07,0.421767979,0.542548331,0.411367571,0.547058642,0.544527651,0.7413167
409,7.56E-10,4.71E-05,0.421496461,0.542912973,0.409070051,0.540389175,0.541305015,0.730962658
410,5.22E-11,2.18E-06,0.420279951,0.541542132,0.410189122,0.538986127,0.542611309,0.734981871
411,1.2E-21,9.57E-08,0.419664671,0.540827216,0.411964252,0.538542975,0.540790076,0.74317894
412,6.52E-17,9.01E-07,0.41939899,0.5319865,0.413891094,0.536328429,0.534944246,0.749417639
413,1.08E-18,1.33E-06,0.419780874,0.530389932,0.410948985,0.529457497,0.53088981,0.744213009
414,1.64E-11,8.13E-08,0.417353812,0.528161783,0.40293934,0.527415823,0.529892614,0.742081261
415,6.04E-12,1.39E-08,0.417878115,0.524557176,0.411080616,0.522736099,0.523809171,0.73697381
416,3.74E-10,3.17E-07,0.415838984,0.516964548,0.413579148,0.521685853,0.520026741,0.74261198
417,1.24E-12,2.21E-06,0.413693751,0.518501682,0.410626561,0.518098594,0.518388075,0.742552423
418,1.19E-09,1.79E-06,0.412401074,0.516431566,0.40802423,0.518435966,0.517276601,0.736423731
419,1.93E-12,1.46E-06,0.41245443,0.514565526,0.408295302,0.513332035,0.513967674,0.725208712
420,4.7E-13,7.61E-06,0.411779383,0.50903845,0.411939151,0.513586757,0.510526896,0.733511639
421,3.26E-20,0.000142124,0.410809732,0.50740292,0.408224155,0.506194288,0.507602784,0.729245758
422,1.52E-15,3.55E-05,0.409987006,0.50829823,0.403980971,0.509784008,0.509370344,0.727559566
423,6.17E-20,3.16E-05,0.410292052,0.509173336,0.404342638,0.506843649,0.508831459,0.714474821
424,2.13E-10,0.000388248,0.410138787,0.502670273,0.404553407,0.505680819,0.504688511,0.721019745
425,1.51E-07,0.000389102,0.408155744,0.503334899,0.40321376,0.502810091,0.502195394,0.717435455
426,0.995765805,0.00643686,0.410283548,0.501175829,0.407822339,0.505030419,0.502317995,0.721558809
427,0.999969959,0.013848967,0.408884875,0.499709867,0.399155438,0.500032237,0.497526931,0.723734379
428,1,0.004735405,0.410759952,0.506607846,0.408872269,0.506728908,0.506972895,0.726562548
429,0.99999845,0.001015247,0.411749439,0.510843987,0.40784025,0.512169843,0.509339929,0.741034126
430,1,0.000377447,0.410908928,0.516909048,0.41105447,0.518754999,0.518348891,0.731449604
431,0.999953628,0.00010479,0.412616465,0.519666307,0.407992312,0.520961973,0.519165516,0.732858515
432,1,0.000147241,0.41133504,0.526983248,0.414024936,0.532099493,0.531109645,0.73542614
433,0.999999166,0.000599028,0.413382901,0.535249015,0.41234094,0.536893703,0.534857172,0.742541409
434,1,6.55E-05,0.415134236,0.539633653,0.417261284,0.541944824,0.540896559,0.739070988
435,0.999997735,8.98E-06,0.420719835,0.542731289,0.416876048,0.544666769,0.542617155,0.743515539
436,3.99E-06,8.87E-07,0.416337736,0.543783578,0.414381571,0.548297797,0.545016217,0.736096382
437,6.23E-27,0.000272618,0.415965741,0.539860261,0.4110549,0.538153927,0.54061123,0.720892429
438,1.8E-18,2.16E-05,0.414038379,0.535954726,0.400386507,0.534844345,0.537835149,0.728958845
439,4.7E-20,1.4E-06,0.414784615,0.531944832,0.405885118,0.529664249,0.531886575,0.724723005
440,1.34E-14,6.41E-06,0.416186271,0.522945156,0.409633301,0.526116494,0.52450984,0.735886478
441,2.09E-13,3.64E-06,0.418529086,0.521167533,0.406938726,0.521048936,0.521848213,0.734117079
442,1.52E-06,5.44E-08,0.415991365,0.520220579,0.394576408,0.518117411,0.520353314,0.726826096
443,8.77E-05,8.9E-09,0.41773093,0.516934288,0.406299704,0.515815679,0.516037351,0.721206141
444,8.76E-06,1.24E-08,0.418011568,0.509403752,0.409787618,0.511423056,0.508956408,0.731474638
445,8.93E-09,1.05E-07,0.418761824,0.507669277,0.40718454,0.50738945,0.50738624,0.738871431
446,1.18E-11,1.53E-08,0.418422594,0.508612203,0.407169383,0.511514412,0.508431837,0.74345417
447,7.49E-21,4.53E-07,0.419891492,0.510885922,0.40297389,0.509077012,0.511204356,0.741998196
448,9.55E-18,4.01E-06,0.413915246,0.505057635,0.394538492,0.510490731,0.508657981,0.744769335
449,4.92E-22,0.000279775,0.408916189,0.509035507,0.395245722,0.507953654,0.509809007,0.735279322
450,5.24E-06,0.008806786,0.410892116,0.501402375,0.394387486,0.506485479,0.502290312,0.734361124
451,0.994924903,0.035878606,0.409225004,0.493845655,0.391083991,0.493548068,0.491691517,0.717980528
452,1,0.00930947,0.412097772,0.502341021,0.401061547,0.502320455,0.501419247,0.709811687
453,0.999999523,0.003317676,0.412373505,0.506550002,0.401537618,0.506625811,0.503909856,0.716061592
454,1,0.001949251,0.413760287,0.510449275,0.408522652,0.511442848,0.509933956,0.695422363
455,0.999996185,0.000536094,0.414115932,0.510912925,0.406395929,0.51123993,0.508684722,0.691777563
456,0.999999762,9.55E-05,0.414103659,0.520896566,0.410624133,0.523089556,0.523011986,0.670503283
457,0.999933362,2.09E-05,0.417928179,0.528634497,0.40724598,0.528789271,0.527543567,0.6675776
458,0.999967575,1.55E-06,0.417241014,0.534516081,0.409095197,0.537551418,0.536441478,0.629572487
459,0.999505997,9.58E-07,0.422743313,0.540821519,0.410996346,0.540762537,0.540061963,0.601694918
460,0.999999762,1.87E-06,0.418059378,0.544713852,0.407321779,0.550063999,0.549944561,0.599826479
461,0.999981284,0.00013098,0.417816491,0.552607378,0.407669806,0.551842965,0.550718568,0.60187397
462,0.313563108,1.79E-05,0.416518562,0.552462814,0.407058032,0.552598265,0.553026066,0.582720089
463,1.21E-11,1.65E-05,0.417847214,0.547045668,0.405336976,0.544265373,0.545640914,0.568377161
464,4.75E-13,0.00029158,0.412248094,0.539167752,0.400314218,0.542728239,0.54280961,0.577060509
465,6.21E-20,0.004923982,0.408043602,0.537434505,0.398120376,0.534827859,0.536939373,0.553581715
466,1.74E-11,0.002742484,0.403783712,0.539749907,0.393361687,0.540222294,0.544177739,0.553824854
467,2.14E-09,0.000238835,0.404562713,0.542163092,0.407743024,0.539675663,0.540728464,0.528217697
468,4.44E-09,0.00299347,0.406974358,0.536571169,0.413332429,0.539821202,0.538471683,0.555389214
469,6.08E-11,0.001627063,0.410593701,0.536445127,0.405510437,0.535053956,0.535980131,0.550893497
470,2.47E-07,4.23E-05,0.408265826,0.536458691,0.392847152,0.533687392,0.536785814,0.54671793
471,1.48E-09,5.28E-06,0.409772767,0.533898363,0.40231234,0.530744862,0.531956014,0.538151407
472,1.5E-11,0.000112868,0.407953728,0.532554132,0.408813855,0.536688388,0.536547481,0.574477386
473,1.78E-17,0.000955804,0.407292227,0.537224717,0.403829136,0.534561141,0.536485821,0.578407431
474,1.21E-15,0.000512462,0.407809948,0.535890525,0.403175318,0.536343828,0.537192545,0.60388689
475,2.6E-21,0.000232198,0.409389447,0.535758534,0.402854204,0.532399134,0.534889743,0.597017908
476,9.17E-19,0.026089128,0.406372129,0.528744395,0.401330463,0.534042464,0.532991515,0.632114267
477,6.48E-21,0.088346118,0.404479105,0.533733454,0.390217542,0.532448877,0.534452597,0.623571491
478,6.62E-07,0.285070978,0.403714015,0.52890696,0.386000106,0.533385643,0.530946294,0.576252365
479,0.92625165,0.286522987,0.404946867,0.520994379,0.398475873,0.519685887,0.518813177,0.469097853
480,0.999998212,0.218059385,0.403604816,0.524048003,0.397814681,0.524935932,0.525901164,0.430904293
481,0.999985099,0.150102844,0.404006861,0.523808947,0.40102143,0.52197599,0.520796865,0.40325036
482,0.999999642,0.218521045,0.406134082,0.522355148,0.404506703,0.524218793,0.521625679,0.322614765
483,0.999919057,0.169953936,0.407360466,0.519169109,0.403650982,0.516678166,0.515051577,0.257382345
484,0.999998212,0.228862859,0.405757466,0.520265992,0.40146084,0.521750165,0.522216878,0.196817112
485,0.999926567,0.180578029,0.405781712,0.519374254,0.40095922,0.515872563,0.514719604,0.155099893
486,0.999990821,0.276795326,0.408317601,0.522318783,0.400963977,0.525308048,0.52248069,0.094096744
487,0.999289989,0.30033102,0.410825304,0.523406304,0.393358362,0.517904621,0.51746182,0.055906904
488,0.99996233,0.295857353,0.409649171,0.524405705,0.392292627,0.525112014,0.526615283,0.034945709
489,0.999875784,0.244197879,0.410687814,0.526381045,0.39939047,0.520357771,0.519705151,0.022707991
490,0.999740779,0.328474317,0.412387691,0.530449193,0.396620082,0.533684134,0.53229337,0.011238886
491,0.996270418,0.379822755,0.416081766,0.534724452,0.389585444,0.526549343,0.527001392,0.005410901
492,0.999941587,0.288884089,0.415436153,0.534157639,0.389569611,0.532864154,0.538230027,0.004950365
493,0.999982715,0.276800373,0.417665942,0.538245346,0.399109382,0.530556655,0.530111858,0.00456499
494,0.999994755,0.325907813,0.419340787,0.541472077,0.393417963,0.542283521,0.54492205,0.003596205
495,0.999653578,0.425547009,0.421902048,0.54490098,0.376958075,0.535159353,0.536308062,0.002778331
496,0.999760091,0.230687081,0.418420251,0.548759954,0.379283549,0.545720241,0.554466542,0.002695783
497,0.999535084,0.055525075,0.419837042,0.559196514,0.398821014,0.552208371,0.55249838,0.002951576
498,0.790699482,0.0713956,0.418090774,0.559801438,0.389942692,0.558951415,0.563543329,0.002919654
499,0.009790632,0.044594392,0.420057167,0.56598395,0.387194362,0.558796243,0.559680071,0.002855608
500,1.64E-08,0.174098222,0.417879152,0.565990071,0.388310731,0.56529212,0.570696203,0.005355678
501,1.07E-13,0.130736043,0.420354666,0.575562619,0.386155615,0.570608649,0.571782055,0.008677015
502,1.63E-09,0.204991537,0.419715903,0.57354528,0.37377263,0.573221316,0.575798489,0.008073662
503,5.07E-08,0.054579796,0.422658984,0.571537729,0.378601725,0.564931202,0.566263741,0.005745922
504,3.77E-08,0.112259451,0.419287805,0.570049454,0.375923239,0.568886456,0.57381825,0.00587828
505,1.46E-08,0.012967939,0.42060069,0.573102039,0.392859787,0.567291224,0.568280912,0.005318177
506,7.72E-09,0.010590499,0.420561975,0.571475778,0.390697296,0.570616541,0.57449178,0.005637752
507,4.05E-10,0.001035425,0.424789747,0.571662702,0.40092665,0.565101598,0.566347972,0.0049039
508,7.11E-10,0.001810435,0.425010966,0.564329349,0.397105422,0.561692273,0.567765365,0.009077387
509,1.49E-09,0.000110547,0.427866686,0.565119608,0.397711117,0.559359839,0.560060125,0.014392532
510,1.84E-07,1.16E-05,0.426907144,0.56400647,0.390127862,0.561156727,0.567774582,0.021436808
511,4.2E-07,8.71E-07,0.430191359,0.564538507,0.397456108,0.558334705,0.559457632,0.029076189
512,8.86E-08,1.01E-06,0.427424321,0.561871444,0.39410117,0.56084993,0.566497074,0.03709192
513,3.08E-09,4.82E-07,0.428151685,0.565498695,0.40226921,0.559877941,0.561013839,0.045068964
514,2.96E-08,9.14E-07,0.425382053,0.558888489,0.397749178,0.557534101,0.563279518,0.058016646
515,3.38E-09,6.78E-07,0.425051303,0.554415307,0.40483488,0.547820013,0.549308331,0.06713993
516,2.47E-09,1.73E-05,0.422387068,0.547836273,0.402847617,0.548293053,0.553123811,0.088915724
517,3.17E-09,1.05E-05,0.421605068,0.552893923,0.397376222,0.547954834,0.549070701,0.109930146
518,1.22E-05,2.65E-06,0.421937326,0.548393487,0.390625473,0.544945787,0.549993729,0.138358057
519,0.000108786,4.92E-07,0.423438949,0.542829999,0.392346688,0.536486764,0.537802961,0.164759278
520,7.92E-06,3.18E-06,0.421346869,0.538461443,0.395114738,0.538082731,0.541991707,0.184249032
521,9.01E-08,4.55E-06,0.419767775,0.541608017,0.395086911,0.536367965,0.537653412,0.20624733
522,1.52E-06,1.94E-06,0.418973088,0.537695102,0.394751137,0.534863529,0.539860738,0.245229483
523,3.22E-08,8.77E-07,0.419075608,0.534862831,0.3994961,0.529238477,0.530760309,0.283012319
524,5.36E-07,2.26E-05,0.416431371,0.529275755,0.399856711,0.530744925,0.533411201,0.295008397
525,2.22E-05,1.79E-05,0.414958615,0.534898992,0.396087215,0.531325103,0.531997339,0.303984809
526,9.23E-05,1.2E-06,0.415649258,0.53282063,0.394237671,0.529259627,0.532763326,0.335919905
527,3.43E-06,3.08E-07,0.418314035,0.529366833,0.400592163,0.524825791,0.525865893,0.367975473
528,9.67E-06,9.62E-07,0.418017518,0.526010739,0.402753435,0.527059618,0.528260466,0.373566937
529,6.34E-06,1.33E-06,0.418835607,0.528956133,0.399520335,0.524989669,0.52587626,0.375020146
530,2.89E-06,1.51E-07,0.418948656,0.527724207,0.400255465,0.526058205,0.528727611,0.398986816
531,3.23E-10,2.24E-07,0.42046029,0.526895474,0.403629609,0.521951198,0.523564385,0.419334888
532,4.57E-07,1.65E-06,0.419227535,0.520317259,0.402548767,0.521741395,0.523379932,0.425564289
533,0.000152229,1.58E-06,0.418941571,0.523772566,0.397511921,0.520486394,0.521050773,0.428153896
534,8.1E-07,1.26E-07,0.419243091,0.523020309,0.399359558,0.522072377,0.523484275,0.472122669
535,2.6E-12,5.54E-07,0.421655781,0.524450378,0.400899085,0.520681421,0.522253906,0.506822062
536,5.43E-10,1.55E-06,0.417031994,0.520864638,0.39610856,0.523044557,0.525433412,0.537965822
537,3.01E-12,2.3E-05,0.41438231,0.52493705,0.398860031,0.521815914,0.52310831,0.550139189
538,0.421651334,0.003500959,0.415050872,0.518422422,0.405402683,0.524234528,0.523127111,0.593165874
539,0.999988198,0.052628392,0.413090826,0.518276773,0.397995304,0.517082501,0.515199033,0.608035374
540,1,0.011670354,0.415927042,0.518384169,0.400022738,0.515962289,0.516541715,0.600888395
541,0.999999523,0.002735112,0.415592571,0.511504883,0.393098153,0.509599699,0.507826931,0.620761013
542,1,0.000245303,0.419978634,0.512475583,0.400249666,0.509105446,0.509116884,0.615162611
543,0.999995589,3.66E-05,0.421302495,0.508592974,0.393133432,0.506716512,0.50516326,0.641287565
544,1,6.44E-06,0.420904779,0.517686939,0.399565127,0.518028803,0.520075174,0.644420004
545,0.999983311,7.5E-06,0.422005062,0.525708945,0.393784649,0.524373806,0.523823739,0.672439384
546,0.999999762,1.36E-06,0.420080456,0.532803006,0.400657167,0.534689796,0.53644488,0.678007078
547,0.999977231,3.76E-06,0.422000952,0.541265327,0.401176024,0.540944321,0.540624489,0.698546982
548,1,1.88E-06,0.420336483,0.55036963,0.401389289,0.553810152,0.553727535,0.692786884
549,0.999969006,6.22E-05,0.419708534,0.556357807,0.394588027,0.554186325,0.55432474,0.696244812
550,0.014652945,4.7E-06,0.421181355,0.554147455,0.404648033,0.551749101,0.552699876,0.703063345
551,1.67E-16,1.42E-06,0.421178916,0.549001795,0.402972508,0.546405847,0.548407794,0.718532801
552,1.52E-15,1.55E-06,0.420457801,0.541050016,0.403823559,0.541965702,0.542046658,0.729252291
553,5.04E-21,1.12E-06,0.420505053,0.538012742,0.403731012,0.536450631,0.538522928,0.729972124
554,2.26E-13,2.38E-08,0.419254723,0.536663679,0.394379925,0.533597043,0.537624851,0.743772364
555,3.45E-12,9.16E-10,0.421358922,0.536085898,0.40465809,0.534575933,0.535842099,0.753039503
556,3.09E-10,2.26E-08,0.419296867,0.52924773,0.408067138,0.534472581,0.532293098,0.755787325
557,8.57E-10,1.33E-07,0.419247922,0.530612434,0.404896057,0.530818965,0.531386299,0.753310251
558,5.48E-07,6.12E-09,0.417111022,0.528781169,0.398160411,0.528794495,0.52837524,0.74470067
559,1.35E-09,8.79E-09,0.418078168,0.522991591,0.40884691,0.521370334,0.522231654,0.733291721
560,2.51E-09,8.23E-08,0.416466974,0.515468703,0.412904212,0.519781411,0.517676975,0.739668751
561,1.1E-13,1.46E-06,0.41463456,0.514770089,0.41215171,0.513977402,0.514413382,0.739741278
562,1.73E-10,2.54E-06,0.41319525,0.510994246,0.411023806,0.514055771,0.512620103,0.735576391
563,1.73E-13,4.3E-06,0.412609818,0.509427482,0.410317197,0.508333772,0.508865644,0.724935532
564,6.6E-17,5.63E-06,0.413048876,0.504288918,0.411578227,0.506949206,0.503682977,0.745368576
565,1.05E-29,0.000190678,0.411435946,0.504147329,0.403910534,0.502309992,0.504580383,0.751603556
566,1.66E-11,0.009317772,0.41480484,0.494466284,0.406766072,0.500099072,0.496536876,0.754935884
567,0.092002422,0.003248302,0.415279889,0.491041929,0.402759587,0.492333913,0.489842761,0.746735477
568,1,0.000689266,0.416172718,0.498332465,0.404428811,0.499423673,0.498845062,0.747276211
569,0.999999881,0.000923677,0.415505777,0.500721573,0.403509534,0.501566735,0.498063579,0.754609013
570,1,0.001474456,0.414322989,0.506157823,0.409171187,0.508448785,0.507324037,0.741045666
571,0.999998212,0.000866007,0.412139559,0.507433211,0.405963912,0.508493097,0.505689445,0.739018869
572,1,0.000592493,0.41352121,0.515780143,0.413289272,0.518813592,0.517271298,0.732691431
573,0.999999166,0.000323447,0.415391747,0.521749453,0.409033648,0.52291956,0.520425836,0.736782598
574,1,2.97E-05,0.417339115,0.528132845,0.414060066,0.528849925,0.529200331,0.74262414
575,0.999997497,5.2E-06,0.421341356,0.531489664,0.408607715,0.532795833,0.53104995,0.756514549
576,0.993991196,3.83E-07,0.421442765,0.538914786,0.412766017,0.543158659,0.539492967,0.747292423
577,5.31E-15,6.73E-05,0.421360098,0.537040815,0.409294352,0.534178994,0.535536532,0.735997915
578,4.12E-14,2.18E-06,0.421190224,0.534963146,0.409359107,0.53176867,0.535442764,0.740370846
579,2.14E-23,4.88E-08,0.421127376,0.533502502,0.410630606,0.530922509,0.53341922,0.746644831
580,4.29E-18,1.49E-07,0.422324877,0.525159882,0.413013063,0.528997493,0.526902848,0.750140715
581,1.32E-19,1.53E-07,0.423739998,0.5239889,0.41045079,0.522640382,0.524174689,0.742704201
582,8.53E-13,5.56E-09,0.421539878,0.52065065,0.399425247,0.519097003,0.521845114,0.742718267
583,1.42E-12,1.19E-09,0.422231899,0.517112746,0.405124036,0.515013239,0.516509831,0.740975523
584,7.97E-11,2.66E-09,0.422309257,0.510391037,0.407191801,0.513577763,0.510380542,0.742123747
585,2.82E-13,2.49E-08,0.422008418,0.512538415,0.406253295,0.511297724,0.511759853,0.739198875
586,3.79E-13,2.23E-08,0.421863381,0.511511728,0.404979359,0.5148327,0.512452615,0.748002672
587,1.03E-18,2.93E-07,0.422677142,0.513768673,0.3927003,0.511912437,0.514080035,0.749777317
588,2.59E-19,2.07E-07,0.420717793,0.506398987,0.394985331,0.51097179,0.506518897,0.754984665
589,2.39E-29,5.77E-05,0.419008277,0.505055983,0.402354622,0.503592532,0.505983207,0.747292757
590,4.44E-06,0.000763392,0.420928717,0.497775361,0.402189401,0.503643281,0.50061703,0.747932768
591,0.999999046,0.001246868,0.420151013,0.496794685,0.408982238,0.497840294,0.493387162,0.737806416
592,1,0.000672806,0.421110815,0.505163756,0.413236693,0.506938615,0.506492859,0.729740524
593,1,0.000267561,0.420585847,0.507628994,0.40722747,0.50820443,0.504428725,0.737116575
594,1,0.000102759,0.419821657,0.513454291,0.41224563,0.5146459,0.515303088,0.727875519
595,0.999998331,2.39E-05,0.41994732,0.515990072,0.409795428,0.517101542,0.514313672,0.735430574
596,1,1.92E-05,0.42122748,0.523015982,0.416048639,0.527941065,0.525299294,0.726896
597,1,4.67E-05,0.423320679,0.529465433,0.41306932,0.530466961,0.527427867,0.72777853
598,1,9.94E-06,0.422070844,0.533607474,0.415298682,0.535794401,0.53648809,0.721490288
599,0.999998331,4.21E-06,0.423762169,0.535556835,0.414150448,0.536586298,0.534286819,0.729672432
600,2.16E-08,1.34E-07,0.422777602,0.537351326,0.417542912,0.54168336,0.537633365,0.728235006
601,2.29E-32,4.4E-05,0.42451861,0.533754052,0.413930011,0.531434781,0.534438141,0.718499088
602,4.77E-18,1.36E-07,0.423003596,0.531137485,0.400614341,0.527118482,0.533491215,0.728256893
603,7.49E-16,1.13E-09,0.424658994,0.528993568,0.414686686,0.526484871,0.52762077,0.731678486
604,9.92E-12,1.92E-08,0.425129261,0.519811878,0.418270485,0.52536065,0.522966876,0.733654642
605,1.82E-11,3.53E-08,0.426049253,0.520997856,0.414925025,0.520555929,0.520334257,0.728013325
606,2.99E-09,1.61E-09,0.425223763,0.517498332,0.411575165,0.518582464,0.518577607,0.730651188
607,1.07E-13,3.97E-09,0.427066869,0.513968138,0.413241001,0.512469867,0.513040189,0.730247545
608,2.82E-15,1.03E-08,0.42234875,0.508595067,0.408066839,0.51332614,0.512233228,0.742461777
609,1.12E-25,2.71E-06,0.417913806,0.512460555,0.405469414,0.510512807,0.512268051,0.745569372
610,2.98E-16,7.22E-05,0.417367106,0.504300468,0.405897725,0.509428393,0.507644236,0.758887768
611,2.65E-15,0.000303874,0.415732468,0.503615449,0.400086131,0.503712449,0.503731745,0.760080719
612,0.905964911,0.000762444,0.416794117,0.500938819,0.396946307,0.503601397,0.501072658,0.752697277
613,0.999999642,0.00069807,0.414937368,0.494349494,0.398148837,0.4944172,0.491368314,0.742754889
614,1,0.001038188,0.416259795,0.49760732,0.405047784,0.498376064,0.496384004,0.732871723
615,0.999999404,0.001233203,0.413468106,0.495941247,0.397793159,0.495926156,0.493063432,0.736393404
616,1,0.000427914,0.414215711,0.508273572,0.406953657,0.510004018,0.509196434,0.715886307
617,0.999982238,7.69E-05,0.415752434,0.516971676,0.402593768,0.517176045,0.515547603,0.711739492
618,0.999996424,2.47E-05,0.414113216,0.523212142,0.408450711,0.527283574,0.525222938,0.669203472
619,0.99980098,1.81E-05,0.417341669,0.530624897,0.413835684,0.531341876,0.529699983,0.631963682
620,0.999998212,7.33E-06,0.415218387,0.537858595,0.415313844,0.543203498,0.542803972,0.622392988
621,0.99998641,2.5E-05,0.420229595,0.547028862,0.414713652,0.547446748,0.546173712,0.618432903
622,0.999999523,1.67E-06,0.419798789,0.553174096,0.415566923,0.556336352,0.556610482,0.611703777
623,0.999986768,1.02E-06,0.426267935,0.559930817,0.41427017,0.559922812,0.559175706,0.61671772
624,0.787018895,2.01E-06,0.416967801,0.561546881,0.405712482,0.566360879,0.566914492,0.600074673
625,6.25E-12,0.001014797,0.413060833,0.563746297,0.406911597,0.561765322,0.562915006,0.574118614
626,1.18E-09,6.16E-05,0.41406008,0.563662914,0.409120547,0.562525016,0.565122172,0.592828274
627,6.06E-15,1.25E-06,0.418166583,0.561970327,0.415239675,0.559470124,0.560836064,0.597868586
628,2.19E-12,0.000123421,0.416986332,0.552673341,0.416174087,0.557414791,0.55673492,0.613388157
629,1.08E-12,0.000106647,0.418043279,0.551095656,0.40839709,0.549959497,0.550883947,0.595099449
630,5.26E-08,8.26E-07,0.415936948,0.546829555,0.391698089,0.542924767,0.546280291,0.585207748
631,1.41E-09,4.87E-08,0.417593862,0.537161712,0.405021483,0.533739021,0.534971817,0.57125349
632,6.05E-09,3.13E-06,0.413927097,0.534398048,0.410247286,0.539598556,0.540259945,0.587892485
633,3.26E-10,2.19E-05,0.412585086,0.540080198,0.407644933,0.538030815,0.539046109,0.584326744
634,1.08E-08,8.11E-06,0.409741079,0.540829434,0.405712083,0.541616557,0.543690068,0.576037073
635,9.11E-14,7.86E-06,0.409644688,0.53979905,0.411499963,0.536099537,0.537870867,0.552324629
636,9.84E-12,0.004476128,0.406823995,0.531183889,0.414504038,0.537148744,0.536775974,0.573588371
637,2.86E-12,0.01140593,0.404148541,0.534403335,0.404977221,0.532902013,0.533900502,0.561638308
638,4.13E-12,0.001080264,0.40460288,0.532506484,0.398475134,0.531159101,0.531525833,0.567923355
639,3.23E-19,0.00049561,0.406326548,0.527019707,0.399525549,0.523272108,0.525700099,0.547709417
640,9.12E-15,0.054994825,0.401922303,0.519402736,0.394538519,0.523574177,0.523240559,0.548572969
641,2.22E-13,0.085547599,0.398047038,0.521970176,0.389425577,0.520002812,0.521353449,0.509363508
642,0.003958822,0.244643428,0.404738164,0.516372636,0.398590657,0.519400111,0.515144849,0.507557917
643,0.99253583,0.240691427,0.408771144,0.510289243,0.402571671,0.50906115,0.507023453,0.462122822
644,1,0.173477852,0.408582496,0.513628658,0.403203436,0.514269344,0.515138731,0.428352022
645,0.99999845,0.098207904,0.408482611,0.513527556,0.40505967,0.511811034,0.509339466,0.414410734
646,1,0.047902198,0.410891183,0.516841007,0.40737834,0.516327951,0.516861739,0.380558372
647,0.999987721,0.007038227,0.412935081,0.516144926,0.400269132,0.51367602,0.512103694,0.376610613
648,0.999989152,0.001147483,0.411952386,0.519276331,0.402504636,0.518009155,0.521300719,0.375988913
649,0.99929738,0.000234742,0.414440902,0.522403441,0.402932069,0.520587877,0.519797354,0.4057827
650,0.999797285,0.000121231,0.410520542,0.523953542,0.40048782,0.525628375,0.527761501,0.404372692
651,0.998566329,0.000461383,0.411833971,0.527498196,0.401691967,0.525786215,0.525468986,0.413875484
652,0.999929786,0.000331724,0.407473596,0.534570463,0.398860624,0.536703803,0.538851609,0.416493702
653,0.992399037,0.00140696,0.407800318,0.544784852,0.400533953,0.542797758,0.542565192,0.432434273
654,0.291611314,0.000310661,0.408700507,0.544005057,0.394721411,0.541235129,0.542277962,0.420743656
655,2.99E-07,6.09E-05,0.409176018,0.539353763,0.389491214,0.535094434,0.536449321,0.42081666
656,1.14E-08,0.000792133,0.408497048,0.536960248,0.396252558,0.537709449,0.538720686,0.44207201
657,4.42E-11,0.000290491,0.408208061,0.541341362,0.394918818,0.538582479,0.539754367,0.450316286
658,5.24E-09,2.8E-05,0.409880409,0.544048959,0.394073918,0.541835673,0.543985444,0.455715322
659,8.81E-11,1.17E-06,0.413799643,0.544940587,0.401826389,0.541086426,0.542448341,0.448911238
660,2.92E-10,0.000140436,0.412039285,0.540774533,0.403405517,0.544394347,0.544316969,0.462433004
661,1.15E-09,0.000110272,0.411651783,0.546711946,0.394276711,0.544383373,0.545269885,0.451309013
662,5.78E-09,1.29E-05,0.412085864,0.547022159,0.388790679,0.544960563,0.546487427,0.460678339
663,1.66E-12,2.46E-06,0.414466915,0.544470863,0.394987197,0.540304209,0.541961373,0.4526474
664,1.38E-10,5.99E-05,0.411975043,0.542909731,0.397571921,0.544930995,0.546544965,0.455281878
665,2.95E-10,2.21E-05,0.41114764,0.547668814,0.399081876,0.54455305,0.545684619,0.437460423
666,8.67E-11,2.02E-05,0.410856027,0.545917832,0.397970575,0.544873201,0.546768266,0.459943676
667,2.73E-15,5.41E-06,0.411455791,0.544093302,0.400309199,0.539826921,0.541745947,0.460959578
668,1.15E-11,0.000725088,0.409895552,0.541220732,0.402426182,0.544528322,0.545328238,0.468036175
669,1.7E-08,0.000120245,0.409760348,0.548359766,0.396079097,0.546043348,0.546832146,0.44915514
670,3.53E-08,1.77E-05,0.410833686,0.546453095,0.39160749,0.543745242,0.545383924,0.462155962
671,2.83E-11,1.85E-06,0.413249067,0.541226192,0.396919743,0.53716729,0.538684633,0.460710526
672,9.56E-10,3.98E-05,0.41143255,0.539716737,0.399319246,0.541593059,0.54290218,0.463051319
673,2.41E-09,1.37E-05,0.410950772,0.544712279,0.398449146,0.541595727,0.54266086,0.448939371
674,9.73E-10,9.91E-06,0.411506511,0.54298542,0.398797486,0.541971197,0.54335375,0.457452297
675,1.53E-13,2.46E-06,0.412826968,0.540558105,0.401576109,0.536206979,0.537982222,0.44754591
676,4.54E-11,0.000285523,0.41086359,0.537627124,0.40301422,0.541061986,0.541862701,0.461199045
677,5.78E-09,0.000104038,0.410274737,0.545730311,0.395086834,0.54332792,0.544183474,0.452164984
678,1.26E-07,1.68E-05,0.411363088,0.543252485,0.389869107,0.540470579,0.542075076,0.461608315
679,2.79E-09,1.72E-06,0.413761535,0.537568918,0.395049385,0.53357912,0.534913065,0.457973957
680,4.98E-08,2.18E-05,0.411759182,0.537874441,0.399073523,0.539865977,0.541363001,0.460683632
681,1.26E-07,9.91E-06,0.411850442,0.544692893,0.400197341,0.541837446,0.542676355,0.452492571
682,9.08E-08,2.5E-06,0.413459116,0.543394105,0.401260199,0.541802223,0.543294471,0.460568762
683,7.05E-11,3.53E-07,0.41629624,0.540674942,0.404545593,0.536570101,0.53800719,0.457719326
684,1.8E-09,3.76E-05,0.413561481,0.537406401,0.404465127,0.541198756,0.541873036,0.468794012
685,5.41E-08,3.11E-05,0.41259093,0.545972561,0.395489066,0.543691362,0.544417286,0.46392107
686,3.46E-07,2.53E-06,0.413991898,0.544034892,0.390773213,0.541016348,0.542660525,0.47908287
687,2.36E-09,2.95E-07,0.4169607,0.538771781,0.39628454,0.534828642,0.53614706,0.484434271
688,3.29E-08,6.25E-06,0.413869097,0.536756598,0.397007602,0.539039193,0.540246926,0.477602625
689,1.7E-07,5.28E-06,0.412632621,0.542132077,0.397557538,0.539245162,0.540077282,0.460884953
690,2.45E-07,1.68E-06,0.413020812,0.54182081,0.398439379,0.540508166,0.542340357,0.466753721
691,6.73E-10,3.64E-07,0.415170058,0.540278735,0.404106958,0.536266051,0.53759958,0.463310051
692,3.37E-09,4.38E-05,0.413107922,0.535479243,0.404404888,0.539099575,0.539148343,0.473357821
693,6.57E-08,3.82E-05,0.412224237,0.542300055,0.393861667,0.540033194,0.540756514,0.467063236
694,3.22E-06,3.67E-06,0.413886412,0.540469765,0.388304312,0.537635537,0.538774135,0.472062826
695,1.73E-07,6.19E-07,0.416694086,0.534533233,0.392415022,0.530363018,0.531618274,0.467335749
696,3.36E-07,4.78E-06,0.41470091,0.533913155,0.394660837,0.535327767,0.536426718,0.46025939
697,5.61E-08,4.71E-06,0.413854246,0.539400702,0.395212155,0.535985466,0.537031479,0.448615456
698,1.21E-07,1.89E-06,0.4146858,0.537146967,0.396199916,0.535547011,0.537063155,0.450520706
699,1.1E-09,4.48E-07,0.416425981,0.534475326,0.400747277,0.530229842,0.531607716,0.443930149
700,4.12E-08,1.77E-05,0.414050822,0.531585383,0.401178955,0.534661969,0.535496341,0.450459099
701,2.53E-06,1.66E-05,0.413459878,0.539480183,0.395295044,0.536975969,0.53757958,0.445851517
702,2.89E-05,1.62E-06,0.414865101,0.537162105,0.390785313,0.534191294,0.535702247,0.456647682
703,1.49E-06,3.36E-07,0.417529652,0.531792275,0.394377629,0.527706918,0.528813711,0.463051462
704,1.16E-06,3.79E-06,0.414631893,0.528743246,0.394089827,0.530416467,0.531261047,0.452425671
705,1.21E-06,5.86E-06,0.41319384,0.533591219,0.394054177,0.53055747,0.531326956,0.439226198
706,2.35E-06,2.2E-06,0.413057793,0.533510999,0.392499243,0.532178308,0.53379469,0.451031733
707,2.42E-08,1.3E-06,0.414450808,0.533183163,0.396007216,0.529111196,0.530380366,0.455671501
708,1.65E-07,1.73E-05,0.414046315,0.529670106,0.396301844,0.5311053,0.531081978,0.454098558
709,1.95E-06,9.65E-06,0.414218629,0.534244405,0.389817678,0.531273139,0.532051746,0.444916773
710,0.00023766,1.47E-06,0.416927999,0.533530071,0.386949176,0.530933659,0.531580624,0.453754997
711,8.04E-05,5.12E-07,0.419511982,0.529806219,0.38551423,0.525199488,0.526400992,0.459080172
712,0.000125135,1.55E-06,0.419070266,0.529372813,0.387317935,0.529364385,0.530112401,0.456779337
713,1.02E-05,2.1E-06,0.418304081,0.534454366,0.383900532,0.530506002,0.531607987,0.462209654
714,0.000191804,4.38E-07,0.420213431,0.534169771,0.385398983,0.531705157,0.532710021,0.456067991
715,3.61E-05,1.16E-07,0.42201226,0.533698379,0.387976393,0.529271575,0.53039158,0.457228088
716,4.85E-05,1.34E-06,0.420207878,0.533013974,0.388107184,0.534993846,0.535217626,0.454649258
717,6.77E-06,5.97E-06,0.418723595,0.539826367,0.3820454,0.53622808,0.53726085,0.452912998
718,0.000374254,1.42E-06,0.419468274,0.538872678,0.379149306,0.53612476,0.537506962,0.449288607
719,7.66E-05,4.5E-07,0.420259028,0.53682862,0.382110512,0.532406817,0.533558594,0.45150857
720,9.41E-05,2.21E-06,0.419952127,0.53469948,0.383449267,0.534860175,0.534977552,0.446361732
721,1.18E-05,3.74E-06,0.419062419,0.536871625,0.379972616,0.532848004,0.533981315,0.442957783
722,0.000296551,6.71E-07,0.420414003,0.536811673,0.380513998,0.533835791,0.535428244,0.443553638
723,0.000118881,1.39E-07,0.421992522,0.536854537,0.385055941,0.532633377,0.533654342,0.453757238
724,9.97E-05,1.24E-06,0.420654256,0.533977466,0.386274315,0.535513897,0.535435512,0.453096151
725,1.74E-05,6.11E-06,0.419577829,0.536665678,0.382429275,0.533067424,0.534058182,0.448904657
726,0.00117277,1.29E-06,0.419309002,0.534982343,0.378277277,0.532169283,0.533996746,0.448330498
727,0.00017435,8.05E-07,0.41938007,0.532077704,0.382611259,0.52764906,0.528779319,0.454132891
728,0.000222389,2.8E-06,0.41911656,0.530719767,0.384655913,0.530744446,0.531172726,0.460719109
729,1.1E-05,6.06E-06,0.418303951,0.533780141,0.380729279,0.529862072,0.531016676,0.469916058
730,0.000187809,1.02E-06,0.419179862,0.533427396,0.380750753,0.530215897,0.53213192,0.480480433
731,1.74E-05,2.85E-07,0.42021763,0.533413155,0.385055574,0.529402179,0.530507072,0.500373077
732,6.68E-05,1.35E-06,0.419541489,0.531156446,0.386498344,0.532049685,0.531979432,0.500433064
733,2.48E-05,3.51E-06,0.418971824,0.533727805,0.383186704,0.530307492,0.531280903,0.499104071
734,0.000655296,6.27E-07,0.418946897,0.532109757,0.380332063,0.529131212,0.530902605,0.506034088
735,4.81E-05,3.73E-07,0.419225403,0.529616935,0.384597089,0.525583456,0.526698237,0.52027216
736,5.12E-05,1.18E-06,0.418734425,0.527251918,0.385427128,0.527372166,0.527242792,0.516895962
737,5.18E-06,2.4E-06,0.417890914,0.529666078,0.382358008,0.526143522,0.527211195,0.516575527
738,0.000292179,6.73E-07,0.418396119,0.529269146,0.381223785,0.526959556,0.528094959,0.517841768
739,0.000196003,3.44E-07,0.41919361,0.529254009,0.384228357,0.525466159,0.526445719,0.525821018
740,0.000179659,1.06E-06,0.41873791,0.526613508,0.385191471,0.5270285,0.526501005,0.521191311
741,1.52E-05,3.4E-06,0.418011535,0.527815552,0.382199652,0.524309702,0.52534851,0.517317772
742,0.000790265,6.02E-07,0.418399767,0.52667549,0.381013907,0.523798388,0.525288128,0.521942854
743,0.000405016,3.16E-07,0.419178962,0.525477647,0.385532132,0.521776857,0.522699326,0.535000038
744,0.0005553,1.06E-06,0.417598758,0.524323691,0.385482631,0.52509604,0.525112158,0.531384468
745,5.82E-05,4.53E-06,0.416250845,0.528025151,0.383241176,0.524763492,0.525694412,0.531723166
746,0.001427276,1.34E-06,0.416473053,0.525823894,0.381523269,0.523043216,0.524271747,0.53758893
747,0.000683994,7.72E-07,0.416761611,0.523478027,0.384491761,0.519984713,0.520866081,0.550818348
748,0.000724293,1.89E-06,0.417004847,0.522658594,0.389051609,0.523758294,0.522734885,0.550022173
749,2.22E-05,8.58E-06,0.417093286,0.525147246,0.386055383,0.521991884,0.522932867,0.547686768
750,1.67E-05,5.78E-07,0.417612944,0.525226585,0.386613072,0.522483677,0.523885719,0.560734367
751,1.87E-09,5.64E-07,0.418751829,0.524493793,0.391829508,0.520751883,0.522241239,0.57695899
752,4.98E-09,2.9E-06,0.416108403,0.520327456,0.390851088,0.522100172,0.522181863,0.583440018
753,1.67E-11,2.34E-05,0.413785035,0.522324794,0.38920466,0.519227032,0.520786546,0.578580523
754,4.66E-08,0.000121691,0.411157408,0.523331135,0.385855367,0.525816326,0.525718149,0.577992582
755,1.21E-08,0.00060344,0.409425309,0.528659265,0.383153203,0.525728149,0.527081981,0.561658335
756,0.866377175,0.004374116,0.411023372,0.527833302,0.390331452,0.530265305,0.529721468,0.560945177
757,0.999988198,0.007706606,0.411555084,0.525642824,0.389120111,0.523299439,0.522991348,0.545458555
758,1,0.001706861,0.416043658,0.522185172,0.396489792,0.519990655,0.518940681,0.537234259
759,0.999997735,0.001000785,0.416952237,0.515937121,0.394686182,0.513740555,0.512316533,0.552659655
760,0.999999881,0.00058885,0.413943998,0.520257998,0.394608906,0.519993004,0.523048215,0.543993711
761,0.999888062,0.000725963,0.412347581,0.522011482,0.388749377,0.519811427,0.51982804,0.566582632
762,0.999991894,0.000838337,0.40753903,0.523145092,0.392507664,0.523993975,0.526691639,0.57614522
763,0.999590933,0.00370337,0.405472646,0.526329039,0.397540931,0.525507164,0.525296307,0.601275158
764,0.999990702,0.004671927,0.40487259,0.531253252,0.398764838,0.534092271,0.532516655,0.573184443
765,0.882673562,0.035431955,0.404608286,0.533671927,0.393135529,0.53130079,0.531623099,0.546880722
766,0.045236725,0.001219652,0.409628484,0.534834554,0.395676706,0.530874363,0.530681588,0.525469637
767,5.18E-10,8.71E-05,0.412350151,0.53118049,0.391853322,0.527153689,0.528855611,0.51896615
768,1.12E-10,0.000128339,0.412681023,0.525237616,0.394543452,0.524240454,0.525060482,0.550936556
769,6.99E-14,5.36E-05,0.413055823,0.526217662,0.392941398,0.523813037,0.52530145,0.570473385
770,1.58E-08,7.22E-06,0.411039009,0.527537173,0.38276586,0.525289677,0.528101908,0.575181198
771,3.28E-07,1.49E-06,0.411661851,0.528637031,0.391061255,0.52543469,0.526529631,0.57426486
772,7.98E-08,1.27E-05,0.411018289,0.528095237,0.394066883,0.529388026,0.529153128,0.591625881
773,1.13E-08,1.03E-05,0.4111809,0.53523981,0.388961701,0.533290501,0.534185863,0.603251076
774,1.03E-08,1.39E-06,0.41296141,0.536546716,0.388296731,0.534269726,0.534958974,0.63476367
775,2.29E-12,4.9E-07,0.415534684,0.536451122,0.389438694,0.533451232,0.535073109,0.65532546
776,1.24E-10,2.08E-06,0.414854563,0.531892842,0.389668018,0.532374102,0.531928906,0.65219388
777,9.7E-11,1.04E-06,0.414418602,0.530891316,0.391229588,0.528427124,0.52970083,0.639257145
778,5.93E-09,2.29E-06,0.413438072,0.525852926,0.388062863,0.525505215,0.525688278,0.657476616
779,1.54E-09,3.23E-06,0.412636106,0.522791466,0.386502593,0.520363777,0.521671972,0.66512475
780,6.39E-11,5.56E-06,0.410822475,0.520562719,0.39109465,0.522238235,0.520834037,0.667573977
781,2.16E-16,4.54E-05,0.409609523,0.52077142,0.398175985,0.518436221,0.520087634,0.655695295
782,1.03E-12,1.66E-05,0.408473783,0.518284326,0.395085973,0.516761231,0.519128552,0.6791399
783,4.98E-14,5.22E-06,0.408769345,0.516232684,0.398841879,0.513904049,0.515631195,0.689056778
784,1.37E-09,1.1E-05,0.409779333,0.511778195,0.400362861,0.512355477,0.511226975,0.691039371
785,2.89E-08,3.71E-06,0.410344645,0.513697958,0.402669862,0.512621845,0.512605375,0.686917257
786,7.31E-08,1.46E-06,0.410194753,0.514192103,0.400523176,0.513487973,0.513905742,0.696080732
787,7.38E-10,5.46E-07,0.411863242,0.514727823,0.396578434,0.51309605,0.51418909,0.703580713
788,1.31E-09,1.57E-06,0.411375758,0.510841926,0.396320064,0.513255247,0.510137721,0.701378345
789,3.54E-11,6.65E-06,0.411617356,0.512636007,0.393167968,0.511441714,0.512413192,0.691015005
790,2E-08,8.83E-07,0.410924427,0.513550861,0.388948104,0.512695932,0.512710245,0.693665743
791,2.18E-09,9.53E-07,0.412357285,0.513440601,0.394051477,0.511427721,0.512603682,0.69152379
792,3.47E-08,4.87E-07,0.413329587,0.509072014,0.395478407,0.508796332,0.507135287,0.692483234
793,8.13E-09,5.03E-07,0.414766124,0.508177365,0.39714331,0.506763108,0.507445743,0.690215921
794,4.25E-07,1.27E-07,0.412556495,0.508168553,0.393357646,0.507946226,0.508542617,0.694124031
795,7.57E-08,2.63E-07,0.412936102,0.510082194,0.397662927,0.508487746,0.50933207,0.697425938
796,2.85E-07,2.91E-07,0.412849844,0.505509987,0.397266557,0.506546835,0.504117934,0.696627617
797,4.6E-08,9.22E-07,0.413420465,0.505909027,0.396262443,0.504763669,0.505235478,0.692764425
798,2.17E-06,1.9E-07,0.412766901,0.506790553,0.393086823,0.506608096,0.506084946,0.695118475
799,2.27E-07,4.22E-07,0.414019694,0.50802207,0.393653634,0.506208074,0.50712647,0.696386576
800,1.14E-07,6.34E-08,0.415989841,0.504883237,0.39752119,0.504058447,0.502141705,0.707077837
801,3.92E-11,2.02E-07,0.417864545,0.503968636,0.398492434,0.502260935,0.503216982,0.714469194
802,1.06E-07,6.63E-08,0.417604035,0.501441525,0.394984149,0.50186168,0.500839932,0.715022707
803,4.61E-07,1.5E-07,0.418628419,0.501706356,0.392258526,0.500195779,0.50104408,0.71417222
804,5E-08,2.32E-08,0.418051896,0.497789995,0.393983949,0.498612703,0.495987369,0.720546436
805,8.93E-14,1.13E-06,0.417885937,0.496361735,0.398256664,0.494669334,0.495832644,0.722261763
806,5.99E-10,1.11E-07,0.41744354,0.499761968,0.394915044,0.500432786,0.499973788,0.723190069
807,3.88E-12,3.9E-07,0.418487574,0.504493529,0.39388005,0.502191848,0.503817446,0.72120719
808,4.07E-10,3.33E-07,0.416296524,0.498996052,0.392070678,0.500084232,0.498586649,0.724387169
809,4.94E-14,6.42E-06,0.4132461,0.499453014,0.396972771,0.497769529,0.498650402,0.723188686
810,0.026429396,6.97E-05,0.415325446,0.497877973,0.404309279,0.501890401,0.50006698,0.734207201
811,0.999949574,0.000148017,0.415546568,0.501469975,0.400738281,0.502036979,0.499710503,0.74023037
812,1,0.000129464,0.416987905,0.507131135,0.405018602,0.509162521,0.507181356,0.738262463
813,0.999999762,0.000502446,0.415970678,0.508326255,0.394646128,0.508102899,0.505974693,0.745069981
814,1,0.00017333,0.415167204,0.514949648,0.401846099,0.515558513,0.515590557,0.731324005
815,0.999969721,5.76E-05,0.414920548,0.51807874,0.399930839,0.518403363,0.517156285,0.731910372
816,1,4.42E-05,0.416267244,0.522245896,0.405574114,0.524719723,0.52267709,0.729922295
817,0.999992132,0.000737912,0.414583596,0.520579997,0.400618994,0.519226729,0.51775857,0.734251595
818,0.602218509,4.71E-05,0.414839437,0.525371841,0.408470435,0.522729437,0.524554504,0.730180693
819,3.25E-12,3.54E-06,0.414669158,0.526964113,0.405744391,0.525621794,0.526729578,0.740115738
820,2.06E-13,3.98E-06,0.413907966,0.522805266,0.408606528,0.525798387,0.523437024,0.741033459
821,2.24E-22,2.88E-05,0.413205407,0.520742546,0.407867054,0.518996942,0.521090053,0.732935238
822,3.65E-14,4.69E-06,0.412876586,0.518951359,0.403104103,0.518143433,0.51996695,0.734536886
823,9.68E-14,3.14E-07,0.413868343,0.518637292,0.408662958,0.516944149,0.51794224,0.73045969
824,1.27E-12,1.46E-06,0.414431231,0.512390736,0.41269564,0.515509489,0.513426393,0.741482878
825,4.21E-17,4.76E-06,0.414268377,0.512032688,0.409084316,0.511174868,0.512027083,0.743712234
826,2.65E-14,1.92E-06,0.414187291,0.513206959,0.404623957,0.515078189,0.513769564,0.743532419
827,6.82E-18,1.35E-06,0.415720244,0.515790387,0.396857103,0.514019781,0.516079091,0.737061882
828,9.74E-19,8.22E-07,0.41570468,0.510724223,0.400183153,0.513048096,0.51029465,0.755139446
829,3.51E-28,2.87E-05,0.415233765,0.511660351,0.40059464,0.510274395,0.51273812,0.759520435
830,5.83E-09,0.000533376,0.418285891,0.500555389,0.40276919,0.505724699,0.501554962,0.759539366
831,0.995870292,0.000336597,0.418798764,0.494954624,0.406021216,0.496462565,0.493202965,0.749837637
832,1,0.000163524,0.418469626,0.498402472,0.406421424,0.499846538,0.498898686,0.748682213
833,0.999999881,0.000494992,0.416297116,0.496580964,0.403785779,0.497452332,0.493783334,0.75530901
834,1,0.001079184,0.414313164,0.505000216,0.406388115,0.508163968,0.506651322,0.734631729
835,0.999995828,0.001082978,0.411525561,0.507429388,0.397975358,0.507433347,0.505484657,0.724081564
836,1,0.00020289,0.412627433,0.514951945,0.4095247,0.515318695,0.51629752,0.730943108
837,0.999986172,4.23E-05,0.415358066,0.52242363,0.4099032,0.524071417,0.52201757,0.748014212
838,0.999999642,2.96E-06,0.415936907,0.52379458,0.415787215,0.52504299,0.524756336,0.753522396
839,0.999963641,8.37E-07,0.420639754,0.526840353,0.418870931,0.530060422,0.527252792,0.764001083
840,1,4.85E-07,0.418004199,0.536403223,0.419471811,0.543813323,0.541762703,0.758620739
841,0.999997973,2.92E-06,0.422324367,0.545890578,0.416864248,0.547958684,0.54612448,0.755714273
842,1,1.37E-07,0.422807482,0.546405055,0.419837872,0.549652172,0.548147305,0.754170322
843,0.999998212,6.16E-08,0.428643604,0.54835643,0.42200607,0.55111343,0.548578014,0.757514858
844,0.952392578,8.92E-09,0.424349555,0.552541713,0.420360868,0.559159796,0.556981783,0.752410793
845,3.19E-14,4.52E-06,0.425503809,0.55217822,0.418350942,0.551502414,0.55209553,0.743332529
846,1.72E-12,4.29E-08,0.423967289,0.548894981,0.411275318,0.546968006,0.549682747,0.747766829
847,2.87E-21,4.14E-09,0.424991463,0.543749825,0.412588851,0.541599752,0.543592067,0.751313448
848,1.15E-16,7.15E-08,0.423871627,0.534977056,0.416639639,0.541354487,0.539272318,0.754873466
849,1.14E-19,6.08E-07,0.423754971,0.534003729,0.417239183,0.533244592,0.534146071,0.746451664
850,3.71E-11,1.97E-07,0.420138991,0.527660493,0.411904959,0.528911696,0.531461761,0.74732399
851,7.23E-12,7.82E-08,0.418973283,0.522525817,0.418404549,0.521729925,0.521504947,0.744050884
852,3.14E-10,6.57E-06,0.415645269,0.515194006,0.418960479,0.522936157,0.520260026,0.743210697
853,8.11E-14,7.03E-05,0.4132604,0.516331629,0.413107159,0.516590324,0.516521476,0.734387302
854,2.67E-09,1.02E-05,0.410768747,0.515114085,0.406193943,0.515689436,0.516161837,0.727476358
855,2.11E-12,4.73E-06,0.410871988,0.510789164,0.409968744,0.509478121,0.509988907,0.715314627
856,6.39E-10,2.13E-05,0.412312765,0.507274848,0.416609691,0.512217701,0.509212281,0.724583578
857,9.29E-16,0.00024086,0.41228916,0.506833432,0.415489153,0.50566534,0.505801502,0.720911074
858,1.09E-08,0.000809426,0.410209417,0.5012997,0.414290088,0.504899464,0.503630949,0.692832136
859,5.13E-10,0.000355128,0.407771362,0.498056698,0.417800222,0.497072166,0.495828763,0.648719597
860,5.98E-11,0.006636301,0.408641218,0.494237772,0.419344669,0.501017915,0.496428971,0.651317739
861,8.54E-18,0.04032083,0.409296015,0.497229193,0.408026423,0.496533458,0.496725258,0.631507063
862,1.27E-13,0.003708625,0.40951477,0.499243904,0.398183446,0.501045886,0.498840237,0.61435132
863,2.93E-18,0.006083333,0.412061845,0.499354966,0.394125184,0.496620612,0.498169599,0.566107655
864,0.000179479,0.010178712,0.411750638,0.490607201,0.393499611,0.492395269,0.491235618,0.535896349
865,0.999432385,0.008994382,0.410885768,0.487985598,0.41240537,0.487718852,0.483821249,0.484180403
866,1,0.009738125,0.415472193,0.491487263,0.418861685,0.495568913,0.491254707,0.432727528
867,0.999999881,0.006172903,0.418749462,0.497448925,0.420751287,0.497570461,0.491543709,0.398115396
868,1,0.008387908,0.41860179,0.494524317,0.420716977,0.496515583,0.496263864,0.351208806
869,0.999999285,0.001964523,0.419060717,0.490685721,0.420966097,0.490517696,0.484444588,0.337535572
870,1,0.000624714,0.422033442,0.501092698,0.420109048,0.503375173,0.50337177,0.321316051
871,0.999972582,0.000142661,0.426084564,0.506662008,0.40560919,0.503896358,0.500935601,0.335090351
872,0.999998927,7.57E-06,0.425689207,0.509173871,0.411221167,0.509268286,0.511626821,0.300493288
873,0.999978781,1.35E-06,0.428792702,0.516408152,0.419821229,0.515572442,0.511713289,0.305442762
874,0.999999285,1.57E-07,0.428589406,0.521819807,0.420498158,0.526800534,0.526734482,0.273020887
875,0.999996901,2.13E-07,0.433468311,0.532418176,0.421755315,0.531520513,0.527869134,0.259739184
876,0.999999642,1.66E-06,0.425657228,0.525886805,0.415203793,0.533045156,0.534848945,0.206432843
877,0.99998939,0.000178285,0.42317313,0.524498687,0.419639383,0.522950566,0.519498287,0.165776849
878,0.999997616,0.00025615,0.418136387,0.530399216,0.41079228,0.53422067,0.537733251,0.158425319
879,0.999701023,0.001782759,0.419136891,0.533934964,0.393508267,0.529662572,0.529700015,0.156978929
880,2.07E-05,0.000174288,0.418936181,0.532835846,0.39874242,0.533424348,0.533243825,0.173605585
881,9.57E-20,0.009577396,0.420100657,0.536069171,0.402565252,0.531155746,0.532802239,0.179888284
882,1.17E-12,0.018892269,0.415635599,0.533084863,0.391751257,0.536206052,0.538169693,0.1305529
883,1.26E-11,0.015929608,0.415348038,0.533811738,0.404722243,0.528504773,0.529302469,0.077023846
884,3.81E-12,0.017125159,0.417758872,0.525057443,0.404082519,0.526220868,0.526375689,0.094970614
885,7.7E-16,0.030158098,0.421843943,0.52359842,0.397768453,0.518820796,0.519857128,0.093769801
886,5.38E-09,7.9E-05,0.418417925,0.532890858,0.382101375,0.529349577,0.537757547,0.109026039
887,1.35E-07,5.89E-06,0.422845654,0.543079503,0.399504118,0.538059025,0.539038538,0.122656941
888,2.97E-08,3.8E-08,0.429438185,0.531563385,0.407206682,0.526438131,0.526891746,0.161130834
889,4.52E-14,1.62E-08,0.433875252,0.521044276,0.416532465,0.515107007,0.514730658,0.191261518
890,5.29E-13,7.09E-08,0.432140705,0.51585495,0.416766509,0.520930872,0.52322976,0.206543803
891,5.62E-18,1.27E-06,0.432158004,0.520455276,0.415601799,0.514930941,0.51529058,0.197970545
892,9.53E-16,1.05E-05,0.428829391,0.505730963,0.40842774,0.50912511,0.511712618,0.263145828
893,2.84E-20,0.000413075,0.426420891,0.507181457,0.405642458,0.503571462,0.503317187,0.297012997
894,0.002811498,0.000349825,0.425953867,0.50333545,0.404094822,0.505235878,0.509453888,0.351104283
895,0.999998689,0.00020183,0.427227186,0.504570838,0.415705775,0.503251837,0.498492898,0.383348227
896,1,0.000128884,0.423481434,0.503243868,0.417627481,0.504362976,0.509695384,0.422680569
897,0.999999404,9.73E-05,0.422818928,0.506846886,0.422210566,0.507925747,0.502350949,0.499627352
898,1,9.29E-05,0.416276388,0.509456105,0.421546969,0.512100931,0.518730623,0.57553668
899,0.999986887,7.63E-05,0.416698082,0.515588357,0.42170708,0.518084393,0.513806799,0.657494116
900,1,5.68E-05,0.417101497,0.520913088,0.423513983,0.527155174,0.525578632,0.662920618
901,0.999999881,6.26E-05,0.422166287,0.528941625,0.423254933,0.531505082,0.526862354,0.675477028
902,1,9.08E-06,0.420336735,0.532114022,0.421660308,0.534234615,0.536378811,0.692083836
903,0.999994278,2.65E-06,0.423567571,0.531918695,0.417650457,0.533338248,0.53047851,0.718981361
904,1.28E-07,9.31E-08,0.422807587,0.534764373,0.419774108,0.53929318,0.535578592,0.720447588
905,2.69E-30,2E-05,0.424930804,0.532041748,0.416225696,0.529791882,0.532181919,0.713491869
906,3.05E-18,1.21E-07,0.423474114,0.530617737,0.406106085,0.527704378,0.533532348,0.723773336
907,1.55E-18,2.04E-09,0.424929872,0.529142663,0.415393046,0.526245628,0.527690033,0.726692677
908,6.11E-14,2.26E-08,0.425871986,0.520616755,0.419146112,0.525833418,0.523905702,0.731524563
909,9.03E-15,3.16E-08,0.426910232,0.522281301,0.416337237,0.521291358,0.521428767,0.726786661
910,5.2E-10,1.82E-09,0.425970704,0.518484672,0.412622069,0.519135485,0.520355966,0.727257252
911,2.76E-12,1.23E-09,0.427527773,0.515189459,0.415126041,0.513475865,0.513797247,0.725554943
912,2.02E-13,3.95E-09,0.425900633,0.508195036,0.416453046,0.514544944,0.510931471,0.730668831
913,4.89E-23,7.6E-07,0.424235557,0.510287811,0.415156868,0.508484998,0.509196802,0.725034714
914,1.2E-17,3E-07,0.425788727,0.505479791,0.414283778,0.508661511,0.506474952,0.733205605
915,1.48E-23,9.32E-07,0.426779446,0.503292428,0.410427796,0.500779055,0.501808966,0.727410984
916,2.74E-07,2.08E-05,0.424629098,0.495938258,0.405242295,0.500779918,0.501336821,0.728324986
917,0.952614069,2.45E-05,0.421808316,0.498256949,0.4040255,0.498544909,0.49569006,0.724786806
918,1,4.26E-05,0.422891219,0.499449946,0.409731465,0.502625543,0.500253158,0.722459555
919,1,0.000235389,0.421512827,0.499042063,0.409023189,0.499599691,0.495115378,0.728837824
920,1,9.76E-05,0.41998965,0.504655024,0.413831847,0.505548665,0.507055721,0.720848274
921,0.999996662,1.79E-05,0.419665069,0.507980056,0.413249898,0.50957577,0.506077119,0.732393026
922,0.999999881,1.63E-05,0.414763165,0.512063624,0.414017331,0.515606227,0.51713964,0.733933115
923,0.999960899,3.52E-05,0.414342436,0.516770559,0.414402318,0.519094719,0.516398828,0.744680405
924,1,2.36E-05,0.414872697,0.522730396,0.418243088,0.52838599,0.525251819,0.737823772
925,0.999999046,4.89E-05,0.418710333,0.529243324,0.417393509,0.531391794,0.5283581,0.735571241
926,1,2.71E-06,0.420661098,0.533738174,0.419243125,0.535559327,0.535146669,0.741103601
927,0.999998689,5.24E-07,0.426045621,0.535874475,0.415519504,0.53770266,0.53535291,0.753549576
928,0.17321609,2.02E-08,0.425637489,0.541051212,0.418443434,0.546569246,0.542034326,0.743417931
929,6.34E-21,9.39E-06,0.426843453,0.538848948,0.417778397,0.53652844,0.537676463,0.727276087
930,9.05E-17,7.69E-08,0.428175574,0.535259353,0.415069195,0.532741426,0.535331377,0.730686569
931,7.11E-25,1.6E-09,0.429993437,0.53177739,0.416228863,0.528718937,0.530568955,0.731875277
932,2.19E-17,4.64E-09,0.430466549,0.522278972,0.417037464,0.526731527,0.525748436,0.735973358
933,1.37E-16,2.99E-09,0.431897283,0.522682685,0.415391016,0.521532295,0.521849539,0.729208231
934,2.9E-11,6.81E-11,0.429199408,0.519671689,0.405312827,0.519784606,0.522426378,0.724888945
935,9.39E-13,7.94E-11,0.429949356,0.515930276,0.410412235,0.513389717,0.514521526,0.719244528
936,8.99E-11,4.97E-11,0.429454973,0.509237285,0.411916456,0.512823661,0.510644034,0.721835327
937,1.3E-14,1.21E-09,0.429462058,0.512651019,0.414505034,0.510867463,0.510838838,0.720100689
938,6.36E-15,1.17E-09,0.429127659,0.50566566,0.414792066,0.510602869,0.50745004,0.728138256
939,9.13E-23,5.96E-08,0.429419994,0.504269076,0.410143523,0.502084518,0.503311388,0.724371672
940,3.02E-19,5.54E-08,0.426841905,0.495336339,0.404886187,0.500356398,0.497872721,0.729880142
941,1.32E-25,4.61E-06,0.425140317,0.495480398,0.407481179,0.493878012,0.494872956,0.719295979
942,0.000183599,2.74E-05,0.425930675,0.491653038,0.406569553,0.49749075,0.495908505,0.723108578
943,0.999999523,6.31E-05,0.425672508,0.495219344,0.411660269,0.495935086,0.491069104,0.71750679
944,1,6.4E-05,0.423555176,0.501342328,0.41417293,0.504368615,0.505162716,0.706337357
945,0.999999881,8.12E-05,0.421817427,0.505195086,0.413235126,0.506199224,0.50186144,0.715126181
946,1,6.17E-05,0.418028623,0.510784365,0.415861986,0.513820729,0.515626371,0.70684824
947,0.99999249,3.14E-05,0.417901299,0.516348813,0.416854159,0.518356846,0.514975237,0.716889811
948,1,1.25E-05,0.41915911,0.52202577,0.420003337,0.52683301,0.524632601,0.713789463
949,0.999999762,1.42E-05,0.42326079,0.528096858,0.418511366,0.529952661,0.526421582,0.71922369
950,1,1.83E-06,0.422323061,0.531567413,0.418280483,0.533902227,0.53468232,0.723014784
951,0.999997973,8.87E-07,0.425509564,0.532815359,0.414558597,0.534252522,0.531887533,0.737359571
952,4.16E-07,3.56E-08,0.422159153,0.536219447,0.415792098,0.541089541,0.537889924,0.734900236
953,3.02E-30,3.12E-05,0.422164998,0.535231517,0.415384131,0.533117135,0.535588096,0.726298571
954,1.27E-18,6.15E-07,0.421001032,0.532797924,0.407281268,0.530665247,0.535696592,0.737844038
955,1E-18,1.02E-08,0.422480776,0.53105953,0.414721335,0.528772546,0.530216185,0.741077471
956,1.34E-13,1.91E-07,0.422201379,0.521982544,0.41709513,0.527334243,0.525646585,0.74433589
957,2.7E-13,2.44E-07,0.422676136,0.522198579,0.413480137,0.521895976,0.522141225,0.739120722
958,8.77E-09,1.12E-08,0.420085085,0.519707692,0.405738216,0.519348403,0.5213884,0.739093256
959,1.92E-10,6.71E-09,0.421031188,0.515470796,0.409722337,0.514059301,0.514889983,0.738393497
960,8.81E-11,1.44E-08,0.421157191,0.509304996,0.414002481,0.514380203,0.509893637,0.740381289
961,1.3E-18,1.13E-06,0.420293715,0.509590298,0.413779893,0.507988461,0.508570012,0.734211206
962,2.07E-16,6.97E-07,0.422755172,0.504001696,0.416436344,0.507767205,0.503885432,0.738756514
963,2.89E-24,3.18E-06,0.424080719,0.502067898,0.413288352,0.5002003,0.501179988,0.731195688
964,7.94E-11,5.9E-05,0.421322007,0.494052091,0.408584001,0.500170923,0.499637678,0.7328125
965,8.62E-06,0.000180712,0.419047844,0.495392058,0.406491462,0.495924016,0.494064301,0.724604273
966,0.999999404,0.000131029,0.420207254,0.496038903,0.405279001,0.498366942,0.496247378,0.721210289
967,0.999999881,0.000469021,0.4190137,0.494220289,0.404107334,0.494253642,0.490290018,0.722732115
968,1,0.00023643,0.417646471,0.503195497,0.412311536,0.504632905,0.506111367,0.713856792
969,0.999995589,4.69E-05,0.417679917,0.511140069,0.412616148,0.512610359,0.509417052,0.725486803
970,0.999999762,3.65E-05,0.412908768,0.515367791,0.415789013,0.519394392,0.520572222,0.723584795
971,0.999947906,4.11E-05,0.41392079,0.522311262,0.419252262,0.525230941,0.522160298,0.731989288
972,1,2.58E-05,0.414384758,0.529969555,0.420775921,0.536685337,0.533377831,0.719798088
973,0.999999166,4.64E-05,0.419885777,0.537318596,0.418508516,0.539123967,0.536391798,0.709997034
974,1,1.85E-06,0.42227033,0.543885214,0.418867456,0.546283374,0.545455966,0.706626368
975,0.999998927,3.48E-07,0.428582799,0.546711364,0.41152698,0.547146452,0.545789345,0.714315987
976,0.00152427,2.27E-07,0.422009521,0.548474998,0.406011264,0.554332296,0.551957866,0.692209959
977,2.45E-22,0.000641711,0.418190318,0.548481953,0.403649392,0.545761071,0.548008299,0.657950497
978,5.6E-16,2.15E-05,0.418275393,0.54567404,0.399510464,0.543662784,0.546670745,0.664580488
979,8.01E-19,4.84E-07,0.420650803,0.542505153,0.409391556,0.539701221,0.541591478,0.656783247
980,1.02E-13,1.27E-06,0.421750924,0.533998756,0.412194609,0.537077915,0.53640199,0.672651291
981,3.34E-13,7.35E-07,0.42449481,0.532275674,0.411336187,0.531054119,0.531719805,0.666385937
982,1.55E-08,2.4E-08,0.420200461,0.529120917,0.396197886,0.527586681,0.531201048,0.661565065
983,1.28E-09,1.43E-08,0.420044302,0.52464528,0.404624586,0.521910688,0.523079205,0.656426191
984,1.02E-08,1.95E-08,0.421334109,0.520898848,0.411113323,0.523955397,0.52183783,0.661406851
985,1.61E-12,1.41E-07,0.422554478,0.522990899,0.412156675,0.520510403,0.520998442,0.655469847
986,8.78E-13,6.35E-08,0.423677175,0.518298236,0.414703908,0.521072306,0.519191266,0.655877781
987,2.98E-20,3.06E-07,0.425098173,0.516152904,0.413363876,0.51287719,0.514282267,0.639225674
988,7.99E-18,2.12E-06,0.421976415,0.507601897,0.407757475,0.512197654,0.511245393,0.653747797
989,1.37E-23,5.01E-05,0.418900067,0.510951619,0.403577791,0.50835564,0.509626631,0.64315033
990,2.79E-08,0.00041606,0.422357043,0.501526891,0.404383969,0.505648966,0.502732872,0.6503582
991,0.789953291,0.000285162,0.424185525,0.496559894,0.40133936,0.495881285,0.493295694,0.631151152
992,1,5.11E-05,0.422798484,0.496765212,0.396649726,0.4964041,0.497250564,0.618076658
993,0.999999404,0.000215127,0.420423382,0.492903737,0.401131571,0.491506649,0.488143442,0.627066565
994,1,0.00026539,0.420261987,0.495917125,0.406346471,0.496870845,0.496740273,0.604325056
995,0.999998689,0.000403914,0.418255719,0.497372702,0.403521778,0.49629554,0.493094278,0.613610888
996,1,2.15E-05,0.42133402,0.503837086,0.411972605,0.502424525,0.503362074,0.615468168
997,0.999987125,1.68E-06,0.42500256,0.509827875,0.411111488,0.509866993,0.506911938,0.649671364
998,0.999998331,1.73E-07,0.423023116,0.516527821,0.411272315,0.518787347,0.520221273,0.644735098
999,0.999867916,2.22E-07,0.425801283,0.524011512,0.40998844,0.524118444,0.522442,0.661431551
