x,f1,f2,f3,f4,f5,f6,f7,f8
0,1,0.36,0.448,0.52,0.416,0.52,0.52,0
1,1,0.36,0.448,0.52,0.416,0.52,0.52,0
2,1,0.36,0.448,0.524,0.416,0.524,0.524,0
3,1,0.36,0.448,0.524,0.416,0.524,0.524,0
4,1,0.36,0.448,0.528,0.416,0.528,0.528,0
5,1,0.36,0.448,0.528,0.416,0.528,0.528,0
6,1,0.152,0.448,0.532,0.416,0.532,0.532,0
7,1,0,0.448,0.532,0.416,0.532,0.532,0
8,1,0,0.444,0.536,0.416,0.536,0.536,0
9,1,0,0.444,0.536,0.416,0.536,0.536,0
10,1,0,0.444,0.54,0.416,0.54,0.54,0.000325521
11,1,0,0.444,0.54,0.416,0.54,0.54,0.005110677
12,1,0,0.444,0.544,0.416,0.544,0.544,0.012304688
13,1,0,0.444,0.544,0.416,0.544,0.544,0.01891276
14,1,0,0.444,0.544,0.416,0.544,0.544,0.025585938
15,1,0,0.444,0.548,0.416,0.548,0.548,0.03343099
16,0,0,0.444,0.548,0.404,0.548,0.548,0.041796875
17,0,0,0.444,0.548,0.408,0.548,0.548,0.053027344
18,0,0,0.44,0.548,0.412,0.548,0.548,0.067545573
19,0,0,0.44,0.548,0.412,0.548,0.548,0.081998698
20,0,0,0.44,0.548,0.376,0.548,0.548,0.09436849
21,0,0,0.44,0.548,0.42,0.548,0.548,0.099544271
22,0,0,0.44,0.548,0.42,0.548,0.548,0.102604167
23,0,0,0.44,0.544,0.42,0.544,0.544,0.106803385
24,0,0,0.44,0.544,0.416,0.544,0.544,0.117740885
25,0,0,0.44,0.544,0.416,0.544,0.544,0.133040365
26,0,0,0.44,0.544,0.416,0.544,0.544,0.142122396
27,0,0,0.44,0.544,0.42,0.544,0.544,0.150651042
28,0,0,0.44,0.544,0.42,0.544,0.544,0.163769531
29,0,0,0.44,0.54,0.416,0.54,0.54,0.165983073
30,0,0,0.44,0.54,0.416,0.54,0.54,0.160188802
31,0,0,0.44,0.54,0.416,0.54,0.54,0.155664063
32,0,0,0.44,0.536,0.416,0.536,0.536,0.151302083
33,0,0,0.44,0.536,0.416,0.536,0.536,0.146647135
34,0,0,0.44,0.536,0.412,0.536,0.536,0.142545573
35,0,0,0.44,0.532,0.412,0.532,0.532,0.146419271
36,0,0,0.44,0.532,0.412,0.532,0.532,0.154492188
37,0,0,0.436,0.532,0.416,0.532,0.532,0.162044271
38,0,0,0.436,0.528,0.42,0.528,0.528,0.163053385
39,0,0,0.436,0.528,0.424,0.528,0.528,0.162792969
40,0,0,0.436,0.528,0.424,0.528,0.528,0.161523438
41,0,0,0.436,0.524,0.424,0.524,0.524,0.162988281
42,0,0,0.436,0.524,0.424,0.524,0.524,0.164811198
43,0,0,0.436,0.524,0.424,0.524,0.524,0.168522135
44,0,0,0.436,0.524,0.424,0.524,0.524,0.17281901
45,0,0,0.436,0.524,0.424,0.524,0.524,0.178320313
46,0,0,0.436,0.524,0.424,0.524,0.524,0.185188802
47,0,0,0.436,0.524,0.424,0.524,0.524,0.1921875
48,0,0,0.436,0.524,0.424,0.524,0.524,0.200227865
49,1,0.22,0.408,0.52,0.364,0.52,0.52,0.208984375
50,1,0.28,0.408,0.516,0.38,0.516,0.516,0.210058594
51,1,0.304,0.416,0.516,0.42,0.516,0.516,0.195084635
52,1,0.28,0.42,0.52,0.424,0.52,0.52,0.167252604
53,1,0.304,0.404,0.52,0.42,0.52,0.52,0.13968099
54,1,0.38,0.412,0.52,0.388,0.52,0.52,0.109570313
55,1,0.22,0.416,0.52,0.408,0.52,0.52,0.063671875
56,1,0.192,0.416,0.524,0.42,0.524,0.524,0.036653646
57,1,0,0.424,0.524,0.42,0.524,0.524,0.032226563
58,1,0,0.42,0.524,0.412,0.524,0.524,0.0375
59,1,0,0.42,0.528,0.404,0.528,0.528,0.054329427
60,1,0,0.42,0.532,0.412,0.532,0.532,0.085839844
61,1,0,0.42,0.532,0.412,0.532,0.532,0.116113281
62,1,0,0.424,0.536,0.416,0.536,0.536,0.136230469
63,1,0,0.428,0.54,0.384,0.54,0.54,0.138639323
64,1,0,0.432,0.544,0.42,0.544,0.544,0.15485026
65,0,0,0.436,0.544,0.416,0.544,0.544,0.180240885
66,0,0,0.436,0.544,0.408,0.544,0.544,0.2046875
67,0,0,0.432,0.544,0.4,0.544,0.544,0.22047526
68,0,0,0.432,0.544,0.416,0.544,0.544,0.237727865
69,0,0,0.432,0.544,0.424,0.544,0.544,0.2671875
70,0,0,0.428,0.544,0.424,0.544,0.544,0.304947917
71,0,0,0.424,0.54,0.404,0.54,0.54,0.330989583
72,0,0,0.428,0.54,0.38,0.54,0.54,0.337630208
73,0,0,0.428,0.54,0.424,0.54,0.54,0.338313802
74,0,0,0.432,0.54,0.424,0.54,0.54,0.339420573
75,0,0,0.432,0.54,0.424,0.54,0.54,0.341145833
76,0,0,0.432,0.54,0.424,0.54,0.54,0.342610677
77,0,0,0.436,0.54,0.424,0.54,0.54,0.344824219
78,0,0,0.436,0.54,0.424,0.54,0.54,0.344303385
79,0,0,0.436,0.54,0.424,0.54,0.54,0.339290365
80,0,0,0.436,0.54,0.424,0.54,0.54,0.335188802
81,1,0.212,0.42,0.54,0.424,0.54,0.54,0.328808594
82,1,0.264,0.412,0.536,0.368,0.536,0.536,0.313020833
83,1,0.268,0.424,0.54,0.408,0.54,0.54,0.27985026
84,1,0.3,0.428,0.544,0.42,0.544,0.544,0.248665365
85,1,0.308,0.416,0.544,0.42,0.544,0.544,0.216471354
86,1,0,0.42,0.548,0.404,0.548,0.548,0.179980469
87,1,0,0.424,0.548,0.42,0.548,0.548,0.169986979
88,0,0,0.424,0.548,0.384,0.548,0.548,0.16311849
89,0,0,0.428,0.548,0.424,0.548,0.548,0.156347656
90,0,0,0.432,0.548,0.424,0.548,0.548,0.15218099
91,0,0,0.436,0.548,0.424,0.548,0.548,0.149576823
92,0,0,0.436,0.548,0.424,0.548,0.548,0.143977865
93,0,0,0.436,0.548,0.42,0.548,0.548,0.144075521
94,0,0,0.44,0.548,0.416,0.548,0.548,0.147102865
95,0,0,0.44,0.548,0.412,0.548,0.548,0.147851563
96,0,0,0.44,0.548,0.412,0.548,0.548,0.147167969
97,0,0,0.44,0.548,0.412,0.548,0.548,0.148828125
98,0,0,0.44,0.548,0.416,0.548,0.548,0.151692708
99,0,0,0.44,0.548,0.416,0.548,0.548,0.167057292
100,0,0,0.436,0.548,0.42,0.548,0.548,0.194921875
101,0,0,0.428,0.548,0.404,0.548,0.548,0.212923177
102,0,0,0.424,0.548,0.404,0.548,0.548,0.225651042
103,0,0,0.42,0.548,0.408,0.548,0.548,0.230566406
104,0,0,0.42,0.544,0.412,0.544,0.544,0.234244792
105,0,0,0.42,0.544,0.424,0.544,0.544,0.251985677
106,0,0,0.42,0.544,0.424,0.544,0.544,0.273339844
107,0,0,0.416,0.544,0.412,0.544,0.544,0.289518229
108,0,0,0.42,0.544,0.408,0.544,0.544,0.291015625
109,0,0,0.424,0.544,0.412,0.544,0.544,0.289355469
110,0,0,0.428,0.544,0.416,0.544,0.544,0.284895833
111,0,0,0.428,0.544,0.42,0.544,0.544,0.282877604
112,0,0,0.424,0.544,0.42,0.544,0.544,0.285188802
113,0,0,0.424,0.544,0.42,0.544,0.544,0.293489583
114,0,0,0.42,0.544,0.412,0.544,0.544,0.29905599
115,0,0,0.42,0.544,0.416,0.544,0.544,0.315234375
116,0,0,0.42,0.544,0.408,0.544,0.544,0.33343099
117,0,0,0.424,0.544,0.408,0.544,0.544,0.351074219
118,0,0,0.424,0.544,0.408,0.544,0.544,0.370638021
119,0,0,0.428,0.54,0.372,0.54,0.54,0.362304688
120,0,0,0.428,0.54,0.42,0.54,0.54,0.36500651
121,0,0,0.428,0.536,0.416,0.536,0.536,0.378222656
122,0,0,0.432,0.536,0.416,0.536,0.536,0.393717448
123,0,0,0.432,0.536,0.416,0.536,0.536,0.409863281
124,0,0,0.432,0.536,0.412,0.536,0.536,0.424283854
125,0,0,0.432,0.532,0.412,0.532,0.532,0.440332031
126,0,0,0.432,0.532,0.412,0.532,0.532,0.455208333
127,0,0,0.432,0.532,0.416,0.532,0.532,0.459342448
128,0,0,0.432,0.528,0.408,0.528,0.528,0.460872396
129,0,0,0.432,0.528,0.412,0.528,0.528,0.472591146
130,0,0,0.432,0.528,0.416,0.528,0.528,0.488216146
131,0,0,0.432,0.524,0.416,0.524,0.524,0.506803385
132,0,0,0.432,0.524,0.416,0.524,0.524,0.524772135
133,0,0,0.432,0.524,0.412,0.524,0.524,0.542936198
134,0,0,0.432,0.524,0.416,0.524,0.524,0.561979167
135,0,0,0.432,0.524,0.376,0.524,0.524,0.559277344
136,0,0,0.432,0.524,0.42,0.524,0.524,0.571386719
137,0,0,0.432,0.524,0.412,0.524,0.524,0.59140625
138,0,0,0.432,0.524,0.416,0.524,0.524,0.608658854
139,0,0,0.432,0.524,0.42,0.524,0.524,0.627246094
140,0,0,0.432,0.524,0.416,0.524,0.524,0.646223958
141,0,0,0.432,0.524,0.416,0.524,0.524,0.664127604
142,0,0,0.432,0.524,0.416,0.524,0.524,0.682877604
143,0,0,0.432,0.524,0.416,0.524,0.524,0.687630208
144,0,0,0.432,0.524,0.412,0.524,0.524,0.700716146
145,0,0,0.432,0.524,0.412,0.524,0.524,0.716145833
146,0,0,0.432,0.524,0.416,0.524,0.524,0.732389323
147,0,0,0.432,0.524,0.408,0.524,0.524,0.741861979
148,0,0,0.432,0.524,0.412,0.524,0.524,0.745377604
149,0,0,0.432,0.524,0.412,0.524,0.524,0.747428385
150,0,0,0.432,0.524,0.412,0.524,0.524,0.749023438
151,0,0,0.432,0.524,0.416,0.524,0.524,0.74827474
152,0,0,0.432,0.524,0.416,0.524,0.524,0.749609375
153,0,0,0.432,0.524,0.408,0.524,0.524,0.74921875
154,0,0,0.432,0.524,0.404,0.524,0.524,0.749772135
155,0,0,0.432,0.524,0.408,0.524,0.524,0.751106771
156,0,0,0.432,0.52,0.412,0.52,0.52,0.750260417
157,0,0,0.432,0.524,0.408,0.524,0.524,0.747981771
158,0,0,0.432,0.524,0.412,0.524,0.524,0.746614583
159,0,0,0.432,0.52,0.412,0.52,0.52,0.748990885
160,0,0,0.432,0.52,0.412,0.52,0.52,0.749023438
161,0,0,0.432,0.52,0.412,0.52,0.52,0.749902344
162,0,0,0.432,0.52,0.412,0.52,0.52,0.750748698
163,0,0,0.432,0.52,0.412,0.52,0.52,0.750065104
164,0,0,0.432,0.52,0.412,0.52,0.52,0.75016276
165,0,0,0.432,0.52,0.412,0.52,0.52,0.750065104
166,0,0,0.432,0.52,0.412,0.52,0.52,0.750065104
167,0,0,0.432,0.52,0.412,0.52,0.52,0.750325521
168,0,0,0.428,0.52,0.416,0.52,0.52,0.745833333
169,0,0,0.428,0.52,0.408,0.52,0.52,0.744466146
170,0,0,0.432,0.52,0.416,0.52,0.52,0.741471354
171,0,0,0.432,0.52,0.416,0.52,0.52,0.739550781
172,0,0,0.432,0.52,0.416,0.52,0.52,0.737207031
173,0,0,0.432,0.52,0.416,0.52,0.52,0.736751302
174,0,0,0.432,0.52,0.416,0.52,0.52,0.733886719
175,0,0,0.428,0.52,0.416,0.52,0.52,0.730794271
176,0,0,0.428,0.52,0.416,0.52,0.52,0.727604167
177,0,0,0.428,0.52,0.416,0.52,0.52,0.725325521
178,0,0,0.428,0.52,0.404,0.52,0.52,0.721940104
179,0,0,0.428,0.52,0.416,0.52,0.52,0.72249349
180,0,0,0.428,0.52,0.416,0.52,0.52,0.724869792
181,0,0,0.428,0.52,0.416,0.52,0.52,0.725455729
182,0,0,0.424,0.52,0.416,0.52,0.52,0.725813802
183,0,0,0.424,0.52,0.416,0.52,0.52,0.725488281
184,0,0,0.424,0.52,0.416,0.52,0.52,0.725651042
185,0,0,0.424,0.52,0.412,0.52,0.52,0.72578125
186,0,0,0.424,0.52,0.408,0.52,0.52,0.726302083
187,0,0,0.424,0.52,0.408,0.52,0.52,0.725260417
188,0,0,0.424,0.52,0.408,0.52,0.52,0.724934896
189,0,0,0.424,0.52,0.408,0.52,0.52,0.725065104
190,0,0,0.424,0.52,0.408,0.52,0.52,0.725130208
191,0,0,0.424,0.52,0.408,0.52,0.52,0.725325521
192,0,0,0.424,0.52,0.404,0.52,0.52,0.725390625
193,0,0,0.428,0.52,0.404,0.52,0.52,0.724088542
194,0,0,0.428,0.52,0.408,0.52,0.52,0.724186198
195,0,0,0.428,0.52,0.408,0.52,0.52,0.724348958
196,0,0,0.428,0.52,0.408,0.52,0.52,0.724674479
197,0,0,0.428,0.52,0.408,0.52,0.52,0.725260417
198,0,0,0.428,0.52,0.408,0.52,0.52,0.724739583
199,0,0,0.428,0.52,0.408,0.52,0.52,0.724902344
200,0,0,0.428,0.52,0.408,0.52,0.52,0.72483724
201,0,0,0.428,0.52,0.408,0.52,0.52,0.723990885
202,0,0,0.428,0.52,0.416,0.52,0.52,0.722949219
203,0,0,0.428,0.52,0.416,0.52,0.52,0.724707031
204,0,0,0.424,0.52,0.416,0.52,0.52,0.723958333
205,0,0,0.424,0.52,0.416,0.52,0.52,0.720963542
206,0,0,0.42,0.52,0.416,0.52,0.52,0.722395833
207,0,0,0.42,0.52,0.416,0.52,0.52,0.723144531
208,0,0,0.42,0.52,0.416,0.52,0.52,0.723795573
209,0,0,0.42,0.52,0.416,0.52,0.52,0.723177083
210,0,0,0.42,0.52,0.416,0.52,0.52,0.722916667
211,0,0,0.42,0.52,0.416,0.52,0.52,0.723111979
212,0,0,0.42,0.52,0.416,0.52,0.52,0.722786458
213,0,0,0.42,0.52,0.416,0.52,0.52,0.722526042
214,0,0,0.42,0.52,0.416,0.52,0.52,0.72405599
215,0,0,0.42,0.52,0.416,0.52,0.52,0.723046875
216,0,0,0.42,0.52,0.416,0.52,0.52,0.724023438
217,0,0,0.424,0.52,0.416,0.52,0.52,0.724544271
218,0,0,0.424,0.52,0.416,0.52,0.52,0.724414063
219,0,0,0.424,0.52,0.416,0.52,0.52,0.725878906
220,0,0,0.424,0.52,0.416,0.52,0.52,0.725651042
221,0,0,0.424,0.52,0.416,0.52,0.52,0.725911458
222,0,0,0.424,0.52,0.416,0.52,0.52,0.726269531
223,0,0,0.424,0.52,0.416,0.52,0.52,0.726660156
224,0,0,0.424,0.52,0.416,0.52,0.52,0.726334635
225,0,0,0.424,0.52,0.416,0.52,0.52,0.726171875
226,0,0,0.424,0.52,0.416,0.52,0.52,0.725390625
227,0,0,0.424,0.52,0.416,0.52,0.52,0.726432292
228,0,0,0.424,0.52,0.416,0.52,0.52,0.725651042
229,0,0,0.424,0.52,0.416,0.52,0.52,0.726855469
230,0,0,0.428,0.52,0.416,0.52,0.52,0.7265625
231,0,0,0.428,0.52,0.416,0.52,0.52,0.726106771
232,0,0,0.428,0.52,0.416,0.52,0.52,0.726334635
233,0,0,0.428,0.52,0.416,0.52,0.52,0.726432292
234,0,0,0.428,0.52,0.416,0.52,0.52,0.726627604
235,0,0,0.428,0.52,0.416,0.52,0.52,0.726139323
236,0,0,0.428,0.52,0.416,0.52,0.52,0.726660156
237,0,0,0.428,0.52,0.412,0.52,0.52,0.726497396
238,0,0,0.428,0.52,0.404,0.52,0.52,0.727213542
239,0,0,0.428,0.52,0.408,0.52,0.52,0.727897135
240,0,0,0.428,0.52,0.412,0.52,0.52,0.726757813
241,0,0,0.428,0.516,0.412,0.516,0.516,0.726790365
242,0,0,0.428,0.516,0.412,0.516,0.516,0.727473958
243,0,0,0.428,0.516,0.412,0.516,0.516,0.727050781
244,0,0,0.428,0.516,0.412,0.516,0.516,0.728222656
245,0,0,0.428,0.516,0.412,0.516,0.516,0.728613281
246,1,0,0.428,0.516,0.416,0.516,0.516,0.728548177
247,1,0,0.428,0.516,0.416,0.516,0.516,0.729427083
248,1,0,0.428,0.516,0.416,0.516,0.516,0.729882813
249,1,0,0.428,0.52,0.416,0.52,0.52,0.731119792
250,1,0,0.424,0.524,0.416,0.524,0.524,0.731608073
251,1,0,0.42,0.532,0.42,0.532,0.532,0.731380208
252,1,0,0.42,0.536,0.42,0.536,0.536,0.732161458
253,1,0,0.42,0.54,0.42,0.54,0.54,0.73264974
254,1,0,0.42,0.544,0.42,0.544,0.544,0.731575521
255,1,0,0.424,0.552,0.42,0.552,0.552,0.731901042
256,1,0,0.428,0.556,0.42,0.556,0.556,0.728320313
257,1,0,0.428,0.56,0.42,0.56,0.56,0.725813802
258,0,0,0.432,0.56,0.42,0.56,0.56,0.724479167
259,0,0,0.436,0.56,0.412,0.56,0.56,0.723177083
260,0,0,0.436,0.56,0.412,0.56,0.56,0.72249349
261,0,0,0.44,0.56,0.412,0.56,0.56,0.723860677
262,0,0,0.44,0.56,0.412,0.56,0.56,0.724511719
263,0,0,0.44,0.56,0.412,0.56,0.56,0.723177083
264,0,0,0.44,0.56,0.408,0.56,0.56,0.723632813
265,0,0,0.44,0.56,0.408,0.56,0.56,0.723925781
266,0,0,0.44,0.56,0.408,0.56,0.56,0.723958333
267,0,0,0.44,0.56,0.412,0.56,0.56,0.724186198
268,0,0,0.44,0.56,0.416,0.56,0.56,0.723925781
269,0,0,0.44,0.556,0.42,0.556,0.556,0.723925781
270,0,0,0.44,0.556,0.42,0.556,0.556,0.723177083
271,0,0,0.44,0.556,0.42,0.556,0.556,0.723502604
272,0,0,0.44,0.556,0.42,0.556,0.556,0.724446615
273,0,0,0.44,0.556,0.416,0.556,0.556,0.724544271
274,0,0,0.44,0.556,0.416,0.556,0.556,0.723567708
275,0,0,0.44,0.556,0.416,0.556,0.556,0.723925781
276,0,0,0.44,0.552,0.416,0.552,0.552,0.723632813
277,0,0,0.44,0.552,0.416,0.552,0.552,0.724186198
278,0,0,0.44,0.552,0.416,0.552,0.552,0.724511719
279,0,0,0.44,0.548,0.416,0.548,0.548,0.724609375
280,0,0,0.44,0.548,0.416,0.548,0.548,0.724772135
281,0,0,0.44,0.548,0.416,0.548,0.548,0.724804688
282,0,0,0.44,0.544,0.416,0.544,0.544,0.724283854
283,0,0,0.44,0.544,0.416,0.544,0.544,0.725878906
284,0,0,0.44,0.544,0.416,0.544,0.544,0.725130208
285,0,0,0.44,0.544,0.416,0.544,0.544,0.724772135
286,0,0,0.44,0.544,0.416,0.544,0.544,0.725358073
287,0,0,0.44,0.544,0.416,0.544,0.544,0.72483724
288,0,0,0.44,0.544,0.416,0.544,0.544,0.726269531
289,0,0,0.44,0.544,0.416,0.544,0.544,0.725423177
290,0,0,0.44,0.544,0.416,0.544,0.544,0.725520833
291,0,0,0.44,0.544,0.416,0.544,0.544,0.726074219
292,0,0,0.44,0.544,0.416,0.544,0.544,0.725846354
293,0,0,0.44,0.544,0.416,0.544,0.544,0.725097656
294,0,0,0.44,0.544,0.416,0.544,0.544,0.724544271
295,0,0,0.44,0.544,0.416,0.544,0.544,0.725325521
296,0,0,0.44,0.544,0.416,0.544,0.544,0.725390625
297,0,0,0.44,0.544,0.412,0.544,0.544,0.725651042
298,0,0,0.44,0.544,0.412,0.544,0.544,0.725683594
299,0,0,0.44,0.544,0.412,0.544,0.544,0.724869792
300,0,0,0.44,0.544,0.412,0.544,0.544,0.725130208
301,0,0,0.44,0.544,0.416,0.544,0.544,0.72561849
302,0,0,0.44,0.544,0.412,0.544,0.544,0.726074219
303,0,0,0.44,0.54,0.408,0.54,0.54,0.72594401
304,0,0,0.44,0.54,0.412,0.54,0.54,0.725716146
305,0,0,0.44,0.54,0.412,0.54,0.54,0.724511719
306,0,0,0.44,0.54,0.408,0.54,0.54,0.72516276
307,0,0,0.44,0.54,0.412,0.54,0.54,0.727018229
308,0,0,0.44,0.54,0.416,0.54,0.54,0.734830729
309,0,0,0.44,0.54,0.404,0.54,0.54,0.745117188
310,0,0,0.436,0.54,0.408,0.54,0.54,0.748990885
311,0,0,0.436,0.54,0.404,0.54,0.54,0.750878906
312,0,0,0.436,0.54,0.408,0.54,0.54,0.75094401
313,0,0,0.436,0.54,0.408,0.54,0.54,0.749348958
314,0,0,0.436,0.54,0.408,0.54,0.54,0.749511719
315,0,0,0.436,0.54,0.408,0.54,0.54,0.749804688
316,0,0,0.436,0.54,0.408,0.54,0.54,0.750065104
317,0,0,0.432,0.54,0.408,0.54,0.54,0.750130208
318,0,0,0.432,0.54,0.408,0.54,0.54,0.750390625
319,0,0,0.432,0.54,0.408,0.54,0.54,0.750325521
320,0,0,0.432,0.54,0.408,0.54,0.54,0.749902344
321,0,0,0.432,0.54,0.408,0.54,0.54,0.74983724
322,0,0,0.432,0.54,0.408,0.54,0.54,0.74983724
323,0,0,0.428,0.54,0.408,0.54,0.54,0.750683594
324,0,0,0.428,0.54,0.408,0.54,0.54,0.750878906
325,0,0,0.428,0.54,0.408,0.54,0.54,0.751822917
326,0,0,0.428,0.54,0.408,0.54,0.54,0.750716146
327,0,0,0.428,0.54,0.408,0.54,0.54,0.749479167
328,0,0,0.428,0.54,0.408,0.54,0.54,0.744921875
329,0,0,0.428,0.54,0.408,0.54,0.54,0.742871094
330,0,0,0.428,0.54,0.408,0.54,0.54,0.74078776
331,0,0,0.428,0.54,0.408,0.54,0.54,0.740364583
332,0,0,0.428,0.54,0.416,0.54,0.54,0.741210938
333,0,0,0.428,0.54,0.404,0.54,0.54,0.742154948
334,0,0,0.428,0.536,0.408,0.536,0.536,0.741308594
335,0,0,0.428,0.536,0.412,0.536,0.536,0.740266927
336,0,0,0.424,0.536,0.416,0.536,0.536,0.740527344
337,0,0,0.424,0.536,0.416,0.536,0.536,0.73984375
338,0,0,0.424,0.536,0.416,0.536,0.536,0.740364583
339,0,0,0.424,0.536,0.416,0.536,0.536,0.741080729
340,0,0,0.424,0.536,0.416,0.536,0.536,0.739550781
341,0,0,0.424,0.536,0.416,0.536,0.536,0.73922526
342,0,0,0.424,0.536,0.416,0.536,0.536,0.739550781
343,0,0,0.424,0.536,0.416,0.536,0.536,0.741178385
344,0,0,0.424,0.536,0.416,0.536,0.536,0.741145833
345,0,0,0.424,0.536,0.416,0.536,0.536,0.740201823
346,0,0,0.424,0.536,0.416,0.536,0.536,0.740950521
347,0,0,0.424,0.536,0.416,0.536,0.536,0.740201823
348,0,0,0.424,0.536,0.416,0.536,0.536,0.740852865
349,0,0,0.424,0.536,0.416,0.536,0.536,0.740722656
350,0,0,0.424,0.536,0.416,0.536,0.536,0.741080729
351,0,0,0.428,0.536,0.416,0.536,0.536,0.740755208
352,0,0,0.428,0.536,0.416,0.536,0.536,0.740722656
353,0,0,0.428,0.536,0.416,0.536,0.536,0.742285156
354,0,0,0.428,0.536,0.416,0.536,0.536,0.741796875
355,0,0,0.428,0.536,0.416,0.536,0.536,0.741048177
356,0,0,0.428,0.536,0.416,0.536,0.536,0.742480469
357,0,0,0.428,0.536,0.416,0.536,0.536,0.741373698
358,0,0,0.428,0.536,0.416,0.536,0.536,0.74235026
359,0,0,0.428,0.536,0.416,0.536,0.536,0.741731771
360,0,0,0.428,0.536,0.416,0.536,0.536,0.741959635
361,0,0,0.428,0.536,0.416,0.536,0.536,0.742415365
362,0,0,0.428,0.536,0.416,0.536,0.536,0.741731771
363,0,0,0.428,0.536,0.416,0.536,0.536,0.742480469
364,0,0,0.428,0.536,0.416,0.536,0.536,0.742708333
365,0,0,0.428,0.536,0.416,0.536,0.536,0.743489583
366,0,0,0.428,0.536,0.416,0.536,0.536,0.743196615
367,0,0,0.428,0.536,0.416,0.536,0.536,0.742643229
368,0,0,0.428,0.536,0.416,0.536,0.536,0.742675781
369,0,0,0.428,0.536,0.416,0.536,0.536,0.74235026
370,0,0,0.428,0.536,0.416,0.536,0.536,0.74202474
371,0,0,0.428,0.536,0.416,0.536,0.536,0.743261719
372,0,0,0.432,0.536,0.416,0.536,0.536,0.742317708
373,0,0,0.432,0.536,0.416,0.536,0.536,0.742447917
374,0,0,0.432,0.536,0.416,0.536,0.536,0.742089844
375,0,0,0.432,0.536,0.416,0.536,0.536,0.742513021
376,0,0,0.432,0.536,0.416,0.536,0.536,0.742382813
377,0,0,0.432,0.536,0.4,0.536,0.536,0.743717448
378,0,0,0.432,0.536,0.412,0.536,0.536,0.742871094
379,0,0,0.432,0.536,0.412,0.536,0.536,0.743489583
380,0,0,0.432,0.536,0.412,0.536,0.536,0.74296875
381,0,0,0.432,0.536,0.408,0.536,0.536,0.742675781
382,0,0,0.432,0.536,0.408,0.536,0.536,0.741699219
383,0,0,0.432,0.536,0.408,0.536,0.536,0.742382813
384,0,0,0.432,0.536,0.412,0.536,0.536,0.742415365
385,0,0,0.432,0.536,0.412,0.536,0.536,0.742415365
386,0,0,0.432,0.536,0.412,0.536,0.536,0.743782552
387,0,0,0.432,0.536,0.412,0.536,0.536,0.742675781
388,0,0,0.432,0.536,0.412,0.536,0.536,0.741438802
389,0,0,0.432,0.536,0.412,0.536,0.536,0.740983073
390,0,0,0.432,0.536,0.412,0.536,0.536,0.740885417
391,0,0,0.432,0.536,0.412,0.536,0.536,0.739453125
392,0,0,0.432,0.536,0.412,0.536,0.536,0.739192708
393,0,0,0.432,0.536,0.416,0.536,0.536,0.74046224
394,0,0,0.432,0.536,0.42,0.536,0.536,0.74046224
395,0,0,0.428,0.536,0.416,0.536,0.536,0.741373698
396,0,0,0.428,0.536,0.416,0.536,0.536,0.741015625
397,0,0,0.428,0.536,0.416,0.536,0.536,0.74078776
398,0,0,0.428,0.536,0.416,0.536,0.536,0.740299479
399,0,0,0.424,0.536,0.412,0.536,0.536,0.741438802
400,0,0,0.424,0.536,0.416,0.536,0.536,0.740201823
401,0,0,0.424,0.536,0.416,0.536,0.536,0.738248698
402,0,0,0.424,0.532,0.416,0.532,0.532,0.739973958
403,0,0,0.424,0.536,0.416,0.536,0.536,0.738964844
404,0,0,0.424,0.536,0.416,0.536,0.536,0.740722656
405,0,0,0.424,0.532,0.416,0.532,0.532,0.742382813
406,0,0,0.424,0.532,0.416,0.532,0.532,0.741210938
407,0,0,0.424,0.532,0.416,0.532,0.532,0.740950521
408,0,0,0.424,0.532,0.416,0.532,0.532,0.742122396
409,0,0,0.424,0.532,0.416,0.532,0.532,0.739811198
410,0,0,0.424,0.532,0.416,0.532,0.532,0.741145833
411,0,0,0.424,0.532,0.416,0.532,0.532,0.740299479
412,0,0,0.424,0.532,0.416,0.532,0.532,0.741861979
413,0,0,0.42,0.532,0.416,0.532,0.532,0.741471354
414,0,0,0.42,0.532,0.416,0.532,0.532,0.742610677
415,0,0,0.42,0.532,0.416,0.532,0.532,0.741048177
416,0,0,0.42,0.532,0.416,0.532,0.532,0.740950521
417,0,0,0.42,0.532,0.416,0.532,0.532,0.741764323
418,0,0,0.42,0.532,0.416,0.532,0.532,0.741731771
419,0,0,0.42,0.532,0.416,0.532,0.532,0.741666667
420,0,0,0.424,0.532,0.416,0.532,0.532,0.741178385
421,0,0,0.424,0.532,0.416,0.532,0.532,0.741471354
422,0,0,0.424,0.532,0.416,0.532,0.532,0.741764323
423,0,0,0.424,0.532,0.416,0.532,0.532,0.741373698
424,0,0,0.424,0.532,0.416,0.532,0.532,0.741894531
425,0,0,0.424,0.532,0.416,0.532,0.532,0.742838542
426,0,0,0.424,0.532,0.416,0.532,0.532,0.743294271
427,0,0,0.424,0.532,0.416,0.532,0.532,0.74202474
428,0,0,0.424,0.532,0.416,0.532,0.532,0.741894531
429,0,0,0.424,0.532,0.416,0.532,0.532,0.742773438
430,0,0,0.428,0.532,0.416,0.532,0.532,0.74296875
431,0,0,0.428,0.532,0.416,0.532,0.532,0.742936198
432,0,0,0.428,0.532,0.416,0.532,0.532,0.74235026
433,0,0,0.428,0.532,0.416,0.532,0.532,0.743229167
434,0,0,0.428,0.532,0.416,0.532,0.532,0.742740885
435,0,0,0.428,0.532,0.416,0.532,0.532,0.742871094
436,0,0,0.428,0.532,0.408,0.532,0.532,0.737207031
437,0,0,0.428,0.532,0.416,0.532,0.532,0.734407552
438,0,0,0.428,0.532,0.416,0.532,0.532,0.730403646
439,0,0,0.428,0.532,0.416,0.532,0.532,0.726595052
440,0,0,0.428,0.532,0.416,0.532,0.532,0.72421875
441,0,0,0.428,0.532,0.416,0.532,0.532,0.72125651
442,0,0,0.428,0.532,0.416,0.532,0.532,0.719661458
443,0,0,0.428,0.532,0.416,0.532,0.532,0.717871094
444,0,0,0.428,0.532,0.416,0.532,0.532,0.716731771
445,0,0,0.428,0.532,0.416,0.532,0.532,0.715169271
446,0,0,0.428,0.532,0.416,0.532,0.532,0.714550781
447,0,0,0.428,0.532,0.416,0.532,0.532,0.714322917
448,0,0,0.428,0.532,0.416,0.532,0.532,0.715039063
449,0,0,0.428,0.532,0.416,0.532,0.532,0.716373698
450,0,0,0.428,0.532,0.416,0.532,0.532,0.717480469
451,0,0,0.428,0.532,0.416,0.532,0.532,0.719075521
452,0,0,0.428,0.532,0.416,0.532,0.532,0.720735677
453,0,0,0.432,0.532,0.416,0.532,0.532,0.722330729
454,0,0,0.432,0.532,0.416,0.532,0.532,0.724609375
455,0,0,0.432,0.532,0.416,0.532,0.532,0.728092448
456,0,0,0.432,0.532,0.416,0.532,0.532,0.730045573
457,0,0,0.432,0.532,0.416,0.532,0.532,0.733951823
458,0,0,0.432,0.532,0.416,0.532,0.532,0.737239583
459,0,0,0.432,0.532,0.416,0.532,0.532,0.740657552
460,0,0,0.428,0.532,0.416,0.532,0.532,0.744791667
461,0,0,0.428,0.532,0.416,0.532,0.532,0.749316406
462,0,0,0.428,0.532,0.416,0.532,0.532,0.752929688
463,0,0,0.428,0.532,0.416,0.532,0.532,0.757096354
464,0,0,0.424,0.532,0.416,0.532,0.532,0.76015625
465,0,0,0.424,0.532,0.416,0.532,0.532,0.76328125
466,0,0,0.42,0.532,0.416,0.532,0.532,0.768424479
467,0,0,0.42,0.532,0.416,0.532,0.532,0.772591146
468,0,0,0.42,0.532,0.416,0.532,0.532,0.77438151
469,0,0,0.42,0.532,0.416,0.532,0.532,0.779980469
470,0,0,0.42,0.532,0.416,0.532,0.532,0.779785156
471,0,0,0.42,0.532,0.416,0.532,0.532,0.782845052
472,0,0,0.42,0.532,0.416,0.532,0.532,0.784667969
473,0,0,0.42,0.532,0.416,0.532,0.532,0.787109375
474,0,0,0.42,0.528,0.36,0.528,0.528,0.7890625
475,0,0,0.42,0.528,0.404,0.528,0.528,0.783235677
476,0,0,0.42,0.528,0.42,0.528,0.528,0.771061198
477,0,0,0.42,0.528,0.42,0.528,0.528,0.758528646
478,0,0,0.42,0.528,0.42,0.528,0.528,0.754101563
479,0,0,0.42,0.528,0.42,0.528,0.528,0.746842448
480,0,0,0.42,0.528,0.42,0.528,0.528,0.740983073
481,0,0,0.424,0.528,0.42,0.528,0.528,0.7359375
482,0,0,0.424,0.528,0.42,0.528,0.528,0.72890625
483,0,0,0.424,0.528,0.42,0.528,0.528,0.724283854
484,0,0,0.424,0.528,0.396,0.528,0.528,0.724316406
485,0,0,0.424,0.528,0.42,0.528,0.528,0.724902344
486,0,0,0.424,0.528,0.424,0.528,0.528,0.72516276
487,0,0,0.424,0.528,0.428,0.528,0.528,0.723958333
488,0,0,0.424,0.528,0.428,0.528,0.528,0.724348958
489,0,0,0.424,0.528,0.428,0.528,0.528,0.724121094
490,0,0,0.42,0.528,0.428,0.528,0.528,0.72483724
491,0,0,0.42,0.528,0.424,0.528,0.528,0.725651042
492,0,0,0.416,0.528,0.424,0.528,0.528,0.731119792
493,0,0,0.416,0.528,0.408,0.528,0.528,0.737207031
494,0,0,0.416,0.528,0.408,0.528,0.528,0.740332031
495,0,0,0.416,0.528,0.404,0.528,0.528,0.742057292
496,0,0,0.416,0.524,0.408,0.524,0.524,0.743164063
497,0,0,0.42,0.524,0.416,0.524,0.524,0.742871094
498,0,0,0.42,0.524,0.416,0.524,0.524,0.742220052
499,0,0,0.42,0.524,0.416,0.524,0.524,0.743033854
500,0,0,0.42,0.524,0.416,0.524,0.524,0.74391276
501,0,0,0.42,0.524,0.416,0.524,0.524,0.742643229
502,0,0,0.42,0.524,0.412,0.524,0.524,0.7375
503,0,0,0.42,0.524,0.408,0.524,0.524,0.737727865
504,0,0,0.424,0.524,0.408,0.524,0.524,0.739485677
505,0,0,0.424,0.524,0.408,0.524,0.524,0.742675781
506,0,0,0.424,0.524,0.408,0.524,0.524,0.74436849
507,0,0,0.42,0.524,0.412,0.524,0.524,0.744401042
508,0,0,0.42,0.524,0.408,0.524,0.524,0.737402344
509,0,0,0.42,0.524,0.408,0.524,0.524,0.73421224
510,0,0,0.42,0.524,0.416,0.524,0.524,0.734667969
511,0,0,0.42,0.524,0.416,0.524,0.524,0.739615885
512,0,0,0.42,0.524,0.412,0.524,0.524,0.740136719
513,0,0,0.42,0.524,0.408,0.524,0.524,0.739648438
514,0,0,0.416,0.524,0.412,0.524,0.524,0.740494792
515,0,0,0.416,0.524,0.408,0.524,0.524,0.740234375
516,0,0,0.416,0.524,0.412,0.524,0.524,0.741992188
517,0,0,0.42,0.524,0.408,0.524,0.524,0.742122396
518,0,0,0.42,0.524,0.4,0.524,0.524,0.742578125
519,0,0,0.42,0.524,0.412,0.524,0.524,0.741471354
520,0,0,0.42,0.524,0.416,0.524,0.524,0.73984375
521,0,0,0.424,0.524,0.416,0.524,0.524,0.740494792
522,0,0,0.424,0.524,0.416,0.524,0.524,0.738606771
523,0,0,0.424,0.524,0.416,0.524,0.524,0.74000651
524,0,0,0.424,0.524,0.416,0.524,0.524,0.74140625
525,0,0,0.42,0.524,0.416,0.524,0.524,0.741992188
526,0,0,0.42,0.524,0.416,0.524,0.524,0.742220052
527,0,0,0.42,0.524,0.412,0.524,0.524,0.741894531
528,0,0,0.42,0.524,0.416,0.524,0.524,0.741764323
529,0,0,0.42,0.524,0.416,0.524,0.524,0.741373698
530,0,0,0.42,0.524,0.416,0.524,0.524,0.740917969
531,0,0,0.424,0.524,0.416,0.524,0.524,0.741634115
532,0,0,0.424,0.524,0.416,0.524,0.524,0.74235026
533,0,0,0.424,0.524,0.416,0.524,0.524,0.741210938
534,0,0,0.42,0.524,0.416,0.524,0.524,0.741015625
535,0,0,0.42,0.524,0.416,0.524,0.524,0.739811198
536,0,0,0.416,0.524,0.416,0.524,0.524,0.740201823
537,0,0,0.416,0.524,0.416,0.524,0.524,0.738411458
538,0,0,0.412,0.524,0.416,0.524,0.524,0.737304688
539,0,0,0.416,0.524,0.416,0.524,0.524,0.733789063
540,0,0,0.416,0.524,0.416,0.524,0.524,0.736653646
541,0,0,0.416,0.524,0.412,0.524,0.524,0.738704427
542,0,0,0.416,0.524,0.412,0.524,0.524,0.739973958
543,0,0,0.42,0.524,0.416,0.524,0.524,0.741178385
544,0,0,0.42,0.524,0.416,0.524,0.524,0.741210938
545,0,0,0.42,0.524,0.416,0.524,0.524,0.741341146
546,0,0,0.424,0.524,0.416,0.524,0.524,0.741536458
547,0,0,0.424,0.524,0.416,0.524,0.524,0.741373698
548,0,0,0.424,0.524,0.416,0.524,0.524,0.740917969
549,0,0,0.424,0.524,0.416,0.524,0.524,0.742545573
550,0,0,0.424,0.524,0.416,0.524,0.524,0.74140625
551,0,0,0.424,0.524,0.416,0.524,0.524,0.743261719
552,0,0,0.424,0.524,0.416,0.524,0.524,0.742740885
553,0,0,0.424,0.524,0.416,0.524,0.524,0.74313151
554,0,0,0.424,0.524,0.416,0.524,0.524,0.743359375
555,0,0,0.424,0.524,0.416,0.524,0.524,0.744010417
556,0,0,0.424,0.524,0.416,0.524,0.524,0.743033854
557,0,0,0.428,0.524,0.416,0.524,0.524,0.743522135
558,0,0,0.428,0.524,0.416,0.524,0.524,0.743457031
559,0,0,0.428,0.524,0.416,0.524,0.524,0.742773438
560,0,0,0.428,0.524,0.416,0.524,0.524,0.743457031
561,0,0,0.428,0.524,0.416,0.524,0.524,0.742871094
562,0,0,0.428,0.524,0.416,0.524,0.524,0.742871094
563,0,0,0.428,0.524,0.416,0.524,0.524,0.743717448
564,0,0,0.428,0.524,0.416,0.524,0.524,0.745019531
565,0,0,0.428,0.524,0.408,0.524,0.524,0.745117188
566,0,0,0.428,0.524,0.404,0.524,0.524,0.743619792
567,0,0,0.428,0.524,0.408,0.524,0.524,0.743522135
568,0,0,0.428,0.524,0.416,0.524,0.524,0.741764323
569,0,0,0.428,0.524,0.416,0.524,0.524,0.74156901
570,0,0,0.428,0.524,0.416,0.524,0.524,0.740983073
571,0,0,0.424,0.524,0.416,0.524,0.524,0.740690104
572,0,0,0.42,0.524,0.416,0.524,0.524,0.741113281
573,0,0,0.42,0.524,0.416,0.524,0.524,0.741080729
574,0,0,0.42,0.524,0.416,0.524,0.524,0.741276042
575,0,0,0.424,0.524,0.416,0.524,0.524,0.741699219
576,0,0,0.424,0.524,0.408,0.524,0.524,0.742513021
577,0,0,0.424,0.524,0.404,0.524,0.524,0.742740885
578,0,0,0.424,0.52,0.412,0.52,0.52,0.740852865
579,0,0,0.424,0.52,0.416,0.52,0.52,0.741048177
580,0,0,0.424,0.52,0.416,0.52,0.52,0.742154948
581,0,0,0.424,0.52,0.412,0.52,0.52,0.7421875
582,0,0,0.424,0.52,0.408,0.52,0.52,0.742089844
583,0,0,0.424,0.52,0.412,0.52,0.52,0.741471354
584,0,0,0.424,0.52,0.416,0.52,0.52,0.741503906
585,0,0,0.424,0.52,0.412,0.52,0.52,0.741373698
586,0,0,0.424,0.52,0.412,0.52,0.52,0.741796875
587,0,0,0.428,0.52,0.412,0.52,0.52,0.741829427
588,0,0,0.428,0.52,0.412,0.52,0.52,0.74140625
589,0,0,0.428,0.52,0.416,0.52,0.52,0.741438802
590,0,0,0.428,0.52,0.416,0.52,0.52,0.74140625
591,0,0,0.428,0.52,0.412,0.52,0.52,0.741829427
592,0,0,0.428,0.52,0.412,0.52,0.52,0.740983073
593,0,0,0.428,0.52,0.416,0.52,0.52,0.740755208
594,0,0,0.428,0.52,0.416,0.52,0.52,0.740950521
595,0,0,0.428,0.52,0.416,0.52,0.52,0.741959635
596,0,0,0.428,0.52,0.416,0.52,0.52,0.741178385
597,0,0,0.428,0.52,0.416,0.52,0.52,0.742057292
598,0,0,0.428,0.52,0.412,0.52,0.52,0.742480469
599,0,0,0.428,0.52,0.416,0.52,0.52,0.741764323
600,0,0,0.428,0.52,0.416,0.52,0.52,0.742122396
601,0,0,0.428,0.52,0.416,0.52,0.52,0.74156901
602,0,0,0.428,0.52,0.416,0.52,0.52,0.742057292
603,0,0,0.428,0.52,0.412,0.52,0.52,0.742057292
604,0,0,0.428,0.52,0.412,0.52,0.52,0.742252604
605,0,0,0.428,0.52,0.408,0.52,0.52,0.74235026
606,0,0,0.428,0.52,0.416,0.52,0.52,0.739941406
607,0,0,0.428,0.52,0.416,0.52,0.52,0.739257813
608,0,0,0.428,0.52,0.416,0.52,0.52,0.740397135
609,0,0,0.428,0.52,0.416,0.52,0.52,0.741503906
610,0,0,0.428,0.52,0.416,0.52,0.52,0.742513021
611,0,0,0.424,0.52,0.416,0.52,0.52,0.74124349
612,0,0,0.424,0.52,0.416,0.52,0.52,0.741276042
613,0,0,0.424,0.52,0.416,0.52,0.52,0.741373698
614,0,0,0.424,0.52,0.416,0.52,0.52,0.741113281
615,0,0,0.424,0.52,0.416,0.52,0.52,0.74124349
616,0,0,0.424,0.52,0.416,0.52,0.52,0.742122396
617,0,0,0.424,0.52,0.416,0.52,0.52,0.741699219
618,0,0,0.424,0.52,0.416,0.52,0.52,0.741178385
619,0,0,0.424,0.52,0.416,0.52,0.52,0.741634115
620,0,0,0.424,0.52,0.416,0.52,0.52,0.741178385
621,0,0,0.424,0.52,0.416,0.52,0.52,0.741341146
622,0,0,0.424,0.52,0.416,0.52,0.52,0.741373698
623,0,0,0.42,0.52,0.416,0.52,0.52,0.741276042
624,0,0,0.42,0.52,0.416,0.52,0.52,0.7421875
625,0,0,0.42,0.52,0.416,0.52,0.52,0.741959635
626,0,0,0.42,0.52,0.416,0.52,0.52,0.742089844
627,0,0,0.424,0.52,0.416,0.52,0.52,0.740364583
628,0,0,0.42,0.52,0.416,0.52,0.52,0.741829427
629,0,0,0.424,0.52,0.416,0.52,0.52,0.74156901
630,0,0,0.424,0.52,0.416,0.52,0.52,0.741308594
631,0,0,0.424,0.52,0.416,0.52,0.52,0.741829427
632,0,0,0.424,0.52,0.416,0.52,0.52,0.74140625
633,0,0,0.424,0.52,0.416,0.52,0.52,0.741959635
634,0,0,0.424,0.52,0.416,0.52,0.52,0.741276042
635,0,0,0.424,0.52,0.416,0.52,0.52,0.741015625
636,0,0,0.424,0.52,0.416,0.52,0.52,0.741373698
637,0,0,0.424,0.52,0.416,0.52,0.52,0.742154948
638,0,0,0.424,0.52,0.416,0.52,0.52,0.741438802
639,0,0,0.424,0.52,0.416,0.52,0.52,0.742545573
640,0,0,0.424,0.52,0.416,0.52,0.52,0.743489583
641,0,0,0.428,0.52,0.416,0.52,0.52,0.743522135
642,0,0,0.424,0.52,0.416,0.52,0.52,0.744661458
643,0,0,0.424,0.52,0.408,0.52,0.52,0.743717448
644,0,0,0.428,0.52,0.404,0.52,0.52,0.744010417
645,0,0,0.428,0.52,0.412,0.52,0.52,0.743522135
646,0,0,0.428,0.52,0.412,0.52,0.52,0.743359375
647,0,0,0.428,0.52,0.404,0.52,0.52,0.743424479
648,0,0,0.428,0.52,0.408,0.52,0.52,0.743229167
649,0,0,0.428,0.52,0.408,0.52,0.52,0.742317708
650,0,0,0.428,0.52,0.408,0.52,0.52,0.743782552
651,0,0,0.428,0.52,0.408,0.52,0.52,0.743457031
652,0,0,0.428,0.52,0.408,0.52,0.52,0.742838542
653,0,0,0.428,0.52,0.408,0.52,0.52,0.742513021
654,0,0,0.428,0.52,0.408,0.52,0.52,0.743619792
655,0,0,0.428,0.52,0.408,0.52,0.52,0.7421875
656,0,0,0.428,0.52,0.408,0.52,0.52,0.741438802
657,0,0,0.428,0.52,0.408,0.52,0.52,0.741438802
658,0,0,0.428,0.52,0.408,0.52,0.52,0.740494792
659,0,0,0.428,0.52,0.408,0.52,0.52,0.740234375
660,0,0,0.428,0.52,0.408,0.52,0.52,0.74046224
661,0,0,0.428,0.52,0.408,0.52,0.52,0.742545573
662,0,0,0.428,0.52,0.408,0.52,0.52,0.742773438
663,0,0,0.428,0.52,0.408,0.52,0.52,0.742773438
664,0,0,0.428,0.52,0.408,0.52,0.52,0.742220052
665,0,0,0.428,0.52,0.408,0.52,0.52,0.741601563
666,0,0,0.424,0.52,0.408,0.52,0.52,0.742610677
667,0,0,0.42,0.52,0.408,0.52,0.52,0.742610677
668,0,0,0.42,0.516,0.408,0.516,0.516,0.742773438
669,0,0,0.42,0.516,0.408,0.516,0.516,0.74235026
670,0,0,0.42,0.516,0.408,0.516,0.516,0.742871094
671,0,0,0.424,0.516,0.408,0.516,0.516,0.744433594
672,0,0,0.424,0.516,0.408,0.516,0.516,0.742936198
673,0,0,0.424,0.516,0.408,0.516,0.516,0.743619792
674,0,0,0.424,0.516,0.408,0.516,0.516,0.742513021
675,0,0,0.424,0.516,0.408,0.516,0.516,0.741992188
676,0,0,0.424,0.516,0.408,0.516,0.516,0.741276042
677,0,0,0.424,0.516,0.408,0.516,0.516,0.741731771
678,0,0,0.412,0.516,0.408,0.516,0.516,0.746126302
679,0,0,0.416,0.516,0.412,0.516,0.516,0.746842448
680,0,0,0.416,0.516,0.416,0.516,0.516,0.74469401
681,0,0,0.42,0.516,0.416,0.516,0.516,0.742220052
682,0,0,0.42,0.516,0.408,0.516,0.516,0.739290365
683,0,0,0.42,0.516,0.408,0.516,0.516,0.734863281
684,0,0,0.42,0.516,0.416,0.516,0.516,0.736360677
685,0,0,0.42,0.516,0.416,0.516,0.516,0.738574219
686,0,0,0.42,0.516,0.416,0.516,0.516,0.739778646
687,0,0,0.42,0.516,0.416,0.516,0.516,0.74202474
688,0,0,0.42,0.516,0.412,0.516,0.516,0.743424479
689,0,0,0.424,0.516,0.412,0.516,0.516,0.743164063
690,0,0,0.424,0.516,0.412,0.516,0.516,0.742578125
691,0,0,0.424,0.516,0.412,0.516,0.516,0.742480469
692,0,0,0.424,0.516,0.408,0.516,0.516,0.742545573
693,0,0,0.424,0.516,0.408,0.516,0.516,0.741536458
694,0,0,0.424,0.516,0.408,0.516,0.516,0.74156901
695,0,0,0.424,0.516,0.408,0.516,0.516,0.741210938
696,0,0,0.424,0.516,0.408,0.516,0.516,0.741927083
697,0,0,0.424,0.516,0.408,0.516,0.516,0.741959635
698,0,0,0.424,0.516,0.408,0.516,0.516,0.742057292
699,0,0,0.424,0.516,0.408,0.516,0.516,0.742057292
700,0,0,0.428,0.516,0.408,0.516,0.516,0.741601563
701,0,0,0.428,0.516,0.408,0.516,0.516,0.740136719
702,0,0,0.42,0.516,0.408,0.516,0.516,0.740755208
703,1,0.264,0.412,0.508,0.364,0.508,0.508,0.73499349
704,1,0.228,0.42,0.508,0.408,0.508,0.508,0.714322917
705,1,0.204,0.424,0.508,0.428,0.508,0.508,0.687174479
706,1,0.2,0.412,0.508,0.424,0.508,0.508,0.680208333
707,1,0.2,0.42,0.512,0.424,0.512,0.512,0.666113281
708,1,0,0.428,0.516,0.428,0.516,0.516,0.66233724
709,1,0,0.428,0.52,0.428,0.52,0.52,0.659082031
710,1,0,0.432,0.524,0.428,0.524,0.524,0.655696615
711,1,0,0.432,0.532,0.428,0.532,0.532,0.654720052
712,1,0,0.436,0.536,0.428,0.536,0.536,0.651464844
713,1,0,0.436,0.54,0.428,0.54,0.54,0.648242188
714,1,0,0.436,0.544,0.428,0.544,0.544,0.645670573
715,1,0,0.44,0.548,0.428,0.548,0.548,0.642415365
716,1,0,0.44,0.552,0.428,0.552,0.552,0.638997396
717,1,0,0.44,0.556,0.428,0.556,0.556,0.635742188
718,1,0,0.416,0.56,0.392,0.56,0.56,0.632519531
719,1,0.264,0.42,0.556,0.38,0.556,0.556,0.624153646
720,1,0.308,0.432,0.56,0.42,0.56,0.56,0.589453125
721,1,0.28,0.428,0.564,0.424,0.564,0.564,0.547981771
722,1,0.06,0.428,0.568,0.428,0.568,0.568,0.534440104
723,1,0.004,0.428,0.572,0.428,0.572,0.572,0.53186849
724,1,0,0.432,0.576,0.428,0.576,0.576,0.526106771
725,0,0,0.436,0.572,0.428,0.572,0.572,0.525260417
726,0,0,0.432,0.572,0.428,0.572,0.572,0.526953125
727,0,0,0.432,0.572,0.428,0.572,0.572,0.52890625
728,0,0,0.436,0.572,0.428,0.572,0.572,0.532291667
729,0,0,0.436,0.572,0.412,0.572,0.572,0.534602865
730,0,0,0.436,0.572,0.412,0.572,0.572,0.540266927
731,0,0,0.436,0.572,0.404,0.572,0.572,0.537695313
732,0,0,0.44,0.568,0.412,0.568,0.568,0.534179688
733,0,0,0.44,0.568,0.416,0.568,0.568,0.527115885
734,0,0,0.44,0.568,0.416,0.568,0.568,0.518457031
735,0,0,0.44,0.568,0.416,0.568,0.568,0.510872396
736,0,0,0.432,0.568,0.416,0.568,0.568,0.504817708
737,0,0,0.428,0.568,0.404,0.568,0.568,0.500423177
738,0,0,0.432,0.568,0.412,0.568,0.568,0.501985677
739,0,0,0.432,0.568,0.416,0.568,0.568,0.509309896
740,0,0,0.436,0.568,0.416,0.568,0.568,0.522265625
741,0,0,0.432,0.568,0.416,0.568,0.568,0.537467448
742,0,0,0.432,0.568,0.412,0.568,0.568,0.55094401
743,0,0,0.432,0.568,0.412,0.568,0.568,0.565917969
744,0,0,0.432,0.568,0.412,0.568,0.568,0.580273438
745,0,0,0.432,0.564,0.412,0.564,0.564,0.59358724
746,0,0,0.436,0.564,0.412,0.564,0.564,0.607519531
747,0,0,0.436,0.564,0.412,0.564,0.564,0.620572917
748,0,0,0.436,0.564,0.412,0.564,0.564,0.633365885
749,0,0,0.436,0.564,0.408,0.564,0.564,0.645865885
750,0,0,0.436,0.564,0.408,0.564,0.564,0.65686849
751,0,0,0.44,0.564,0.408,0.564,0.564,0.66344401
752,0,0,0.44,0.564,0.396,0.564,0.564,0.656803385
753,0,0,0.44,0.564,0.412,0.564,0.564,0.663606771
754,0,0,0.44,0.564,0.412,0.564,0.564,0.67093099
755,0,0,0.44,0.564,0.412,0.564,0.564,0.677929688
756,0,0,0.44,0.564,0.412,0.564,0.564,0.683528646
757,0,0,0.44,0.564,0.412,0.564,0.564,0.689973958
758,0,0,0.44,0.564,0.412,0.564,0.564,0.695833333
759,0,0,0.44,0.564,0.412,0.564,0.564,0.702213542
760,0,0,0.44,0.564,0.412,0.564,0.564,0.70797526
761,0,0,0.44,0.564,0.412,0.564,0.564,0.71344401
762,0,0,0.444,0.564,0.412,0.564,0.564,0.719466146
763,0,0,0.44,0.564,0.412,0.564,0.564,0.72561849
764,0,0,0.44,0.564,0.412,0.564,0.564,0.73343099
765,0,0,0.44,0.56,0.412,0.56,0.56,0.738997396
766,0,0,0.44,0.56,0.412,0.56,0.56,0.745768229
767,0,0,0.44,0.56,0.412,0.56,0.56,0.748470052
768,0,0,0.44,0.56,0.412,0.56,0.56,0.749348958
769,0,0,0.44,0.56,0.412,0.56,0.56,0.749479167
770,0,0,0.444,0.56,0.416,0.56,0.56,0.748795573
771,0,0,0.444,0.56,0.416,0.56,0.56,0.747786458
772,0,0,0.444,0.56,0.408,0.56,0.56,0.737597656
773,0,0,0.444,0.56,0.416,0.56,0.56,0.727994792
774,0,0,0.444,0.56,0.416,0.56,0.56,0.718001302
775,0,0,0.444,0.56,0.416,0.56,0.56,0.707291667
776,0,0,0.444,0.56,0.416,0.56,0.56,0.699967448
777,0,0,0.44,0.56,0.416,0.56,0.56,0.69078776
778,0,0,0.44,0.56,0.416,0.56,0.56,0.682584635
779,0,0,0.44,0.56,0.416,0.56,0.56,0.674576823
780,0,0,0.44,0.56,0.404,0.56,0.56,0.665722656
781,0,0,0.44,0.556,0.372,0.556,0.556,0.655859375
782,0,0,0.44,0.556,0.404,0.556,0.556,0.634733073
783,0,0,0.44,0.556,0.424,0.556,0.556,0.618066406
784,0,0,0.44,0.556,0.42,0.556,0.556,0.600292969
785,0,0,0.436,0.556,0.42,0.556,0.556,0.582584635
786,0,0,0.432,0.556,0.42,0.556,0.556,0.565690104
787,0,0,0.432,0.556,0.42,0.556,0.556,0.542838542
788,0,0,0.424,0.556,0.388,0.556,0.556,0.520182292
789,0,0,0.42,0.552,0.408,0.552,0.552,0.498990885
790,0,0,0.42,0.552,0.416,0.552,0.552,0.476074219
791,0,0,0.416,0.552,0.42,0.552,0.552,0.45608724
792,0,0,0.416,0.552,0.42,0.552,0.552,0.434179688
793,0,0,0.416,0.552,0.416,0.552,0.552,0.413574219
794,0,0,0.416,0.552,0.416,0.552,0.552,0.3953125
795,0,0,0.416,0.552,0.42,0.552,0.552,0.386165365
796,0,0,0.42,0.552,0.424,0.552,0.552,0.388053385
797,0,0,0.42,0.552,0.428,0.552,0.552,0.389518229
798,0,0,0.42,0.552,0.38,0.552,0.552,0.392122396
799,0,0,0.424,0.548,0.384,0.548,0.548,0.391992188
800,0,0,0.424,0.548,0.424,0.548,0.548,0.38297526
801,0,0,0.424,0.548,0.42,0.548,0.548,0.375976563
802,0,0,0.428,0.548,0.42,0.548,0.548,0.371582031
803,0,0,0.416,0.548,0.412,0.548,0.548,0.364876302
804,0,0,0.42,0.544,0.4,0.544,0.544,0.351464844
805,0,0,0.428,0.544,0.404,0.544,0.544,0.332584635
806,0,0,0.432,0.544,0.416,0.544,0.544,0.3109375
807,0,0,0.432,0.544,0.416,0.544,0.544,0.292382813
808,0,0,0.432,0.544,0.416,0.544,0.544,0.274967448
809,0,0,0.436,0.544,0.416,0.544,0.544,0.257486979
810,0,0,0.436,0.544,0.416,0.544,0.544,0.239778646
811,0,0,0.416,0.54,0.42,0.54,0.54,0.227929688
812,0,0.26,0.42,0.54,0.392,0.54,0.54,0.219986979
813,0,0.176,0.408,0.536,0.412,0.536,0.536,0.183951823
814,1,0.12,0.42,0.536,0.42,0.536,0.536,0.154589844
815,1,0,0.42,0.54,0.42,0.54,0.54,0.131054688
816,1,0.004,0.424,0.544,0.42,0.544,0.544,0.109440104
817,1,0.32,0.404,0.548,0.424,0.548,0.548,0.097395833
818,1,0.404,0.408,0.544,0.424,0.544,0.544,0.061197917
819,1,0.296,0.42,0.544,0.412,0.544,0.544,0.01624349
820,0,0.472,0.404,0.544,0.424,0.544,0.544,0.001822917
821,0,0.492,0.412,0.54,0.42,0.54,0.54,3.26E-05
822,0,0.492,0.416,0.54,0.424,0.54,0.54,0
823,0,0.488,0.42,0.54,0.424,0.54,0.54,0
824,0,0.412,0.42,0.524,0.428,0.524,0.524,0
825,0,0.428,0.424,0.524,0.428,0.524,0.524,0
826,0,0.372,0.428,0.524,0.428,0.524,0.524,0
827,0,0,0.428,0.524,0.428,0.524,0.524,0
828,0,0,0.432,0.524,0.428,0.524,0.524,0
829,0,0,0.432,0.524,0.428,0.524,0.524,0.008235677
830,0,0,0.428,0.524,0.424,0.524,0.524,0.044075521
831,0,0,0.424,0.524,0.412,0.524,0.524,0.077571615
832,0,0,0.428,0.524,0.412,0.524,0.524,0.114811198
833,0,0,0.428,0.524,0.388,0.524,0.524,0.127929688
834,0,0,0.432,0.516,0.428,0.516,0.516,0.134472656
835,0,0,0.432,0.516,0.428,0.516,0.516,0.161653646
836,0,0,0.432,0.516,0.428,0.516,0.516,0.204785156
837,0,0,0.424,0.516,0.412,0.516,0.516,0.228548177
838,0,0,0.428,0.516,0.42,0.516,0.516,0.23577474
839,0,0,0.424,0.516,0.428,0.516,0.516,0.258138021
840,0,0,0.424,0.516,0.428,0.516,0.516,0.292447917
841,0,0,0.42,0.516,0.416,0.516,0.516,0.329199219
842,0,0,0.42,0.516,0.4,0.516,0.516,0.340234375
843,1,0,0.42,0.488,0.42,0.488,0.488,0.337076823
844,1,0,0.42,0.488,0.428,0.488,0.488,0.330208333
845,1,0,0.42,0.492,0.428,0.492,0.492,0.323795573
846,1,0,0.42,0.5,0.428,0.5,0.5,0.317675781
847,1,0,0.42,0.504,0.428,0.504,0.504,0.310904948
848,1,0,0.424,0.508,0.428,0.508,0.508,0.30390625
849,1,0.22,0.412,0.512,0.428,0.512,0.512,0.297298177
850,1,0.268,0.404,0.508,0.372,0.508,0.508,0.281542969
851,1,0.272,0.42,0.512,0.392,0.512,0.512,0.257096354
852,1,0.3,0.42,0.512,0.424,0.512,0.512,0.230143229
853,1,0,0.42,0.516,0.416,0.516,0.516,0.20250651
854,1,0,0.42,0.52,0.424,0.52,0.52,0.195442708
855,1,0,0.42,0.52,0.428,0.52,0.52,0.188574219
856,1,0,0.424,0.524,0.428,0.524,0.524,0.177636719
857,1,0,0.424,0.528,0.428,0.528,0.528,0.179947917
858,1,0,0.424,0.532,0.428,0.532,0.532,0.189322917
859,1,0,0.424,0.536,0.428,0.536,0.536,0.203678385
860,1,0,0.428,0.54,0.428,0.54,0.54,0.21969401
861,1,0,0.428,0.544,0.428,0.544,0.544,0.23186849
862,0,0,0.428,0.544,0.428,0.544,0.544,0.243489583
863,0,0,0.432,0.544,0.428,0.544,0.544,0.255175781
864,0,0,0.432,0.544,0.428,0.544,0.544,0.265527344
865,0,0,0.436,0.544,0.428,0.544,0.544,0.274348958
866,0,0,0.436,0.544,0.408,0.544,0.544,0.267480469
867,0,0,0.436,0.544,0.412,0.544,0.544,0.26969401
868,0,0,0.44,0.544,0.42,0.544,0.544,0.278580729
869,0,0,0.44,0.544,0.42,0.544,0.544,0.286621094
870,0,0,0.44,0.544,0.42,0.544,0.544,0.294498698
871,0,0,0.44,0.544,0.424,0.544,0.544,0.30234375
872,0,0,0.44,0.544,0.424,0.544,0.544,0.316829427
873,0,0,0.44,0.544,0.42,0.544,0.544,0.333886719
874,0,0,0.44,0.544,0.388,0.544,0.544,0.333821615
875,0,0,0.44,0.544,0.416,0.544,0.544,0.341145833
876,0,0,0.44,0.544,0.424,0.544,0.544,0.360286458
877,0,0,0.44,0.544,0.42,0.544,0.544,0.381347656
878,0,0,0.44,0.544,0.42,0.544,0.544,0.401497396
879,0,0,0.44,0.544,0.42,0.544,0.544,0.416634115
880,0,0,0.44,0.54,0.412,0.54,0.54,0.422167969
881,0,0,0.44,0.54,0.42,0.54,0.54,0.439485677
882,0,0,0.44,0.54,0.416,0.54,0.54,0.459635417
883,0,0,0.44,0.536,0.42,0.536,0.536,0.479654948
884,0,0,0.44,0.536,0.42,0.536,0.536,0.49860026
885,0,0,0.44,0.536,0.42,0.536,0.536,0.519401042
886,0,0,0.44,0.532,0.42,0.532,0.532,0.537304688
887,0,0,0.44,0.532,0.42,0.532,0.532,0.546451823
888,0,0,0.44,0.532,0.412,0.532,0.532,0.549446615
889,0,0,0.44,0.528,0.424,0.528,0.528,0.564941406
890,0,0,0.44,0.528,0.42,0.528,0.528,0.579915365
891,0,0,0.44,0.528,0.42,0.528,0.528,0.598372396
892,0,0,0.44,0.524,0.42,0.524,0.524,0.615917969
893,0,0,0.44,0.524,0.42,0.524,0.524,0.633561198
894,0,0,0.436,0.524,0.42,0.524,0.524,0.650846354
895,0,0,0.436,0.524,0.42,0.524,0.524,0.667643229
896,0,0,0.436,0.524,0.416,0.524,0.524,0.683203125
897,0,0,0.436,0.524,0.42,0.524,0.524,0.701139323
898,0,0,0.436,0.524,0.404,0.524,0.524,0.698014323
899,0,0,0.432,0.524,0.42,0.524,0.524,0.714485677
900,0,0,0.432,0.524,0.412,0.524,0.524,0.725520833
901,0,0,0.432,0.524,0.42,0.524,0.524,0.732682292
902,0,0,0.432,0.524,0.416,0.524,0.524,0.737239583
903,0,0,0.432,0.524,0.412,0.524,0.524,0.737760417
904,0,0,0.432,0.524,0.412,0.524,0.524,0.737825521
905,0,0,0.432,0.524,0.416,0.524,0.524,0.736263021
906,0,0,0.432,0.524,0.424,0.524,0.524,0.734114583
907,0,0,0.432,0.524,0.424,0.524,0.524,0.733789063
908,0,0,0.432,0.524,0.424,0.524,0.524,0.731640625
909,0,0,0.432,0.524,0.424,0.524,0.524,0.732519531
910,0,0,0.432,0.524,0.428,0.524,0.524,0.732714844
911,0,0,0.432,0.524,0.428,0.524,0.524,0.73343099
912,0,0,0.432,0.524,0.428,0.524,0.524,0.733072917
913,0,0,0.432,0.524,0.424,0.524,0.524,0.734375
914,0,0,0.432,0.524,0.4,0.524,0.524,0.734277344
915,0,0,0.432,0.524,0.42,0.524,0.524,0.733626302
916,0,0,0.432,0.524,0.42,0.524,0.524,0.734895833
917,0,0,0.432,0.524,0.424,0.524,0.524,0.735091146
918,0,0,0.432,0.524,0.424,0.524,0.524,0.737076823
919,0,0,0.432,0.524,0.424,0.524,0.524,0.73766276
920,0,0,0.432,0.524,0.424,0.524,0.524,0.73984375
921,0,0,0.432,0.524,0.424,0.524,0.524,0.741178385
922,1,0.2,0.408,0.524,0.4,0.524,0.524,0.741959635
923,1,0.224,0.412,0.52,0.392,0.52,0.52,0.727701823
924,1,0.216,0.416,0.52,0.428,0.52,0.52,0.715950521
925,1,0.232,0.416,0.52,0.424,0.52,0.52,0.703678385
926,1,0.232,0.412,0.524,0.42,0.524,0.524,0.687076823
927,1,0.228,0.424,0.528,0.42,0.528,0.528,0.675390625
928,1,0.216,0.428,0.532,0.42,0.532,0.532,0.661425781
929,1,0.2,0.424,0.536,0.424,0.536,0.536,0.651692708
930,1,0.176,0.432,0.544,0.424,0.544,0.544,0.646809896
931,1,0.192,0.436,0.548,0.424,0.548,0.548,0.646972656
932,1,0.196,0.42,0.548,0.42,0.548,0.548,0.638802083
933,1,0.188,0.424,0.552,0.42,0.552,0.552,0.634440104
934,1,0.204,0.416,0.556,0.42,0.556,0.556,0.629361979
935,1,0.212,0.424,0.56,0.42,0.56,0.56,0.617513021
936,1,0.244,0.424,0.564,0.42,0.564,0.564,0.606575521
937,1,0.256,0.428,0.564,0.416,0.564,0.564,0.580794271
938,1,0.272,0.428,0.568,0.416,0.568,0.568,0.556542969
939,1,0.244,0.428,0.568,0.416,0.568,0.568,0.529199219
940,1,0.264,0.428,0.572,0.42,0.572,0.572,0.511067708
941,1,0.316,0.412,0.572,0.42,0.572,0.572,0.491145833
942,1,0.364,0.42,0.576,0.42,0.576,0.576,0.458170573
943,1,0.38,0.424,0.576,0.4,0.576,0.576,0.415364583
944,1,0.328,0.428,0.58,0.42,0.58,0.58,0.36858724
945,1,0.372,0.424,0.584,0.42,0.584,0.584,0.323404948
946,1,0.088,0.428,0.584,0.42,0.584,0.584,0.280664063
947,0,0,0.432,0.584,0.404,0.584,0.584,0.280761719
948,0,0,0.44,0.584,0.424,0.584,0.584,0.281119792
949,0,0,0.436,0.58,0.424,0.58,0.58,0.287565104
950,0,0,0.436,0.58,0.428,0.58,0.58,0.290722656
951,0,0,0.432,0.576,0.428,0.576,0.576,0.296972656
952,0,0,0.428,0.576,0.428,0.576,0.576,0.300292969
953,0,0,0.428,0.576,0.42,0.576,0.576,0.30999349
954,0,0,0.428,0.572,0.404,0.572,0.572,0.315625
955,0,0,0.432,0.572,0.424,0.572,0.572,0.333984375
956,0,0,0.428,0.568,0.424,0.568,0.568,0.35296224
957,0,0,0.428,0.568,0.424,0.568,0.568,0.370214844
958,0,0,0.432,0.564,0.424,0.564,0.564,0.387011719
959,0,0,0.432,0.564,0.404,0.564,0.564,0.388574219
960,0,0,0.436,0.564,0.416,0.564,0.564,0.400553385
961,0,0,0.436,0.564,0.416,0.564,0.564,0.415527344
962,0,0,0.436,0.564,0.416,0.564,0.564,0.425423177
963,0,0,0.436,0.564,0.42,0.564,0.564,0.434147135
964,0,0,0.44,0.564,0.42,0.564,0.564,0.440527344
965,0,0,0.44,0.564,0.408,0.564,0.564,0.444140625
966,0,0,0.44,0.564,0.416,0.564,0.564,0.447428385
967,0,0,0.44,0.564,0.412,0.564,0.564,0.450130208
968,0,0,0.44,0.564,0.416,0.564,0.564,0.45530599
969,0,0,0.44,0.56,0.376,0.56,0.56,0.449511719
970,0,0,0.44,0.56,0.424,0.56,0.56,0.44671224
971,0,0,0.44,0.56,0.416,0.56,0.56,0.453320313
972,0,0,0.44,0.56,0.42,0.56,0.56,0.463639323
973,0,0,0.44,0.56,0.42,0.56,0.56,0.478385417
974,0,0,0.44,0.56,0.42,0.56,0.56,0.495117188
975,0,0,0.44,0.56,0.42,0.56,0.56,0.512207031
976,0,0,0.436,0.56,0.42,0.56,0.56,0.52874349
977,0,0,0.436,0.56,0.42,0.56,0.56,0.545442708
978,0,0,0.436,0.56,0.42,0.56,0.56,0.561360677
979,0,0,0.436,0.56,0.42,0.56,0.56,0.580436198
980,0,0,0.436,0.56,0.42,0.56,0.56,0.59358724
981,0,0,0.436,0.56,0.416,0.56,0.56,0.608365885
982,0,0,0.436,0.56,0.416,0.56,0.56,0.623372396
983,0,0,0.436,0.56,0.412,0.56,0.56,0.63828125
984,0,0,0.436,0.56,0.412,0.56,0.56,0.652799479
985,0,0,0.436,0.56,0.4,0.56,0.56,0.649414063
986,0,0,0.436,0.56,0.416,0.56,0.56,0.652929688
987,0,0,0.44,0.56,0.42,0.56,0.56,0.662011719
988,0,0,0.44,0.56,0.412,0.56,0.56,0.673893229
989,0,0,0.44,0.56,0.416,0.56,0.56,0.683658854
990,0,0,0.44,0.56,0.416,0.56,0.56,0.694042969
991,0,0,0.44,0.56,0.404,0.56,0.56,0.699902344
992,0,0,0.44,0.56,0.412,0.56,0.56,0.696777344
993,0,0,0.44,0.556,0.416,0.556,0.556,0.693359375
994,0,0,0.44,0.556,0.416,0.556,0.556,0.690234375
995,0,0,0.44,0.556,0.412,0.556,0.556,0.683919271
996,0,0,0.444,0.556,0.412,0.556,0.556,0.679264323
997,0,0,0.444,0.556,0.412,0.556,0.556,0.676106771
998,0,0,0.444,0.556,0.412,0.556,0.556,0.672884115
999,0,0,0.444,0.556,0.412,0.556,0.556,0.668554688